,0,1,2,3
1479,14:11:52,0.8,1.1,138.3
1468,14:11:28,60.1,1.2,308.9
1469,14:11:29,1.5,1.2,296.1
1470,14:11:30,0.1,1.2,163
1471,14:11:31,0.1,1.2,125.9
1472,14:11:32,0.1,1.2,140.7
1485,14:12:08,38.5,1.2,263.4
1486,14:12:09,2.2,1.2,226.6
1487,14:12:10,6.1,1.2,160.2
0,13:46:28,0.3,1.5,113.3
1,13:46:29,0.1,1.5,111.3
2,13:46:30,0.1,1.5,111.4
3,13:46:31,0.1,1.5,111.7
34,13:47:02,0.4,1.5,154.3
35,13:47:03,0.2,1.5,126.3
36,13:47:04,0.1,1.5,111.2
37,13:47:05,0.3,1.5,110.9
38,13:47:06,0,1.5,111.4
69,13:47:37,3,1.5,167.6
70,13:47:38,0.2,1.5,167.7
71,13:47:39,0.1,1.5,120.8
72,13:47:40,0.1,1.5,110
73,13:47:41,0,1.5,110.1
74,13:47:42,0.1,1.5,110
105,13:48:13,3.9,1.5,178.4
106,13:48:14,0.1,1.5,178.4
107,13:48:15,0,1.5,130.3
108,13:48:16,0.1,1.5,112
109,13:48:17,0.1,1.5,103.1
140,13:48:48,2.9,1.5,188.1
141,13:48:49,0.1,1.5,188.1
142,13:48:50,0.1,1.5,121
143,13:48:51,0.1,1.5,115.3
144,13:48:52,0.6,1.5,115.1
145,13:48:53,0.3,1.5,115.5
146,13:48:54,0.1,1.5,115.4
147,13:48:55,0.1,1.5,107.2
148,13:48:56,0.2,1.5,113.9
149,13:48:57,0.1,1.5,113.8
178,13:49:28,2.2,1.5,196.3
179,13:49:29,0.1,1.5,125
180,13:49:30,0.1,1.5,114.3
181,13:49:31,0.1,1.5,113.8
182,13:49:32,0.1,1.5,106.4
213,13:50:03,6.1,1.5,204.6
214,13:50:04,0.1,1.5,161.2
215,13:50:05,0.1,1.5,113.5
216,13:50:06,0.1,1.5,113.5
217,13:50:07,0.1,1.5,113.1
248,13:50:38,5.5,1.5,210.2
249,13:50:39,0.1,1.5,170.6
250,13:50:40,0,1.5,114.9
251,13:50:41,0.1,1.5,114.3
252,13:50:42,0,1.5,114
253,13:50:43,0.2,1.5,108.4
284,13:51:14,1.4,1.5,220.6
285,13:51:15,0.1,1.5,153.3
286,13:51:16,0.4,1.5,109.6
287,13:51:17,0.1,1.5,114.7
288,13:51:18,0.1,1.5,114.7
320,13:51:51,0.9,1.5,170.4
321,13:51:52,0.1,1.5,113.7
322,13:51:53,0.1,1.5,113.9
323,13:51:54,0.1,1.5,114
324,13:51:55,0.1,1.5,113.9
325,13:51:56,0.1,1.5,103.9
356,13:52:27,6.3,1.5,225.6
357,13:52:28,0.1,1.5,118.1
358,13:52:29,0.5,1.5,118
359,13:52:30,0.1,1.5,117.9
360,13:52:31,0.2,1.5,117.7
392,13:53:03,0.5,1.5,207.3
393,13:53:04,0.1,1.5,113.1
394,13:53:05,0.4,1.5,113.4
395,13:53:06,0.1,1.5,113.7
396,13:53:07,0.1,1.5,113.9
427,13:53:38,15.6,1.5,245.4
428,13:53:39,0.1,1.5,192.9
429,13:53:40,0.1,1.5,116.9
430,13:53:41,1.2,1.5,116.5
461,13:54:12,18.6,1.5,251.8
462,13:54:13,0.1,1.5,230.7
463,13:54:14,0.1,1.5,116.1
464,13:54:15,0.1,1.5,116.3
465,13:54:16,0.1,1.5,116.2
496,13:54:47,6,1.5,260.3
497,13:54:48,0.1,1.5,178.7
498,13:54:49,0.4,1.5,114.5
499,13:54:50,0,1.5,114.5
530,13:55:21,13.3,1.5,264.7
531,13:55:22,0.1,1.5,239
532,13:55:23,0.1,1.5,118.5
533,13:55:24,0,1.5,118.7
565,13:55:56,3.8,1.5,267.4
566,13:55:57,0.1,1.5,211.6
567,13:55:58,0.1,1.5,121.6
568,13:55:59,0.1,1.5,121.5
599,13:56:30,19,1.5,271.9
600,13:56:31,0.1,1.5,271.7
601,13:56:32,0.1,1.5,166.7
602,13:56:33,0.1,1.5,116.9
603,13:56:34,0.1,1.5,111.2
634,13:57:05,26.9,1.5,276.4
635,13:57:06,0,1.5,276.4
636,13:57:07,0.1,1.5,209.2
637,13:57:08,0.3,1.5,114.3
638,13:57:09,0.1,1.5,121.4
670,13:57:41,8.5,1.5,282
671,13:57:42,0.1,1.5,281.7
672,13:57:43,0.1,1.5,155.3
673,13:57:45,0,1.5,114.6
674,13:57:46,0.1,1.5,114.9
675,13:57:47,0.1,1.5,114.9
706,13:58:18,20.7,1.5,290.6
707,13:58:19,0.1,1.5,239.6
708,13:58:20,0.1,1.5,119.8
709,13:58:21,0,1.5,119.9
710,13:58:22,0.1,1.5,120.2
711,13:58:23,0.1,1.5,120.4
712,13:58:24,0,1.5,120.5
713,13:58:25,0.1,1.5,120.4
745,13:58:57,1.2,1.5,292.5
746,13:58:58,0.1,1.5,181.3
747,13:58:59,0.1,1.5,116.1
748,13:59:00,0.1,1.5,106.4
779,13:59:31,24.3,1.5,290.6
780,13:59:32,0.1,1.5,128.5
781,13:59:33,0.3,1.5,121.8
782,13:59:34,0.2,1.5,121.3
813,14:00:05,26.3,1.5,298.9
814,14:00:06,0.3,1.5,185.6
815,14:00:07,0.1,1.5,124
816,14:00:08,0.3,1.5,118.1
847,14:00:39,36.3,1.5,304.9
848,14:00:40,0.1,1.5,220.3
849,14:00:41,0.1,1.5,121.6
850,14:00:42,0.1,1.5,121.1
851,14:00:43,0.1,1.5,112.7
882,14:01:14,20.8,1.5,308.7
883,14:01:15,0.2,1.5,194.3
884,14:01:16,0.4,1.5,120.4
885,14:01:17,0.1,1.5,120.1
886,14:01:18,0.1,1.5,113.9
917,14:01:49,30.1,1.5,313.9
918,14:01:50,0.1,1.5,248.6
919,14:01:51,0.2,1.5,115.3
920,14:01:52,0.1,1.5,115.8
921,14:01:53,0.2,1.5,116.4
953,14:02:25,4.6,1.5,317.3
954,14:02:26,2.5,1.5,173.2
955,14:02:27,0.1,1.5,137.4
956,14:02:28,0.1,1.5,121
987,14:02:59,28.9,1.5,322.3
988,14:03:00,0.6,1.5,295.7
989,14:03:01,0.1,1.5,115.1
990,14:03:02,0.1,1.5,121.2
1022,14:03:34,23.1,1.5,322.7
1023,14:03:35,0.1,1.5,296.3
1024,14:03:36,0.5,1.5,115.5
1025,14:03:37,0.1,1.5,115.9
1026,14:03:38,0.4,1.5,121.6
1027,14:03:39,0.1,1.5,115.9
1028,14:03:40,0.4,1.5,116.3
1059,14:04:12,34.8,1.5,316.2
1060,14:04:13,0.1,1.5,173.4
1061,14:04:14,0.1,1.5,119.2
1062,14:04:15,0.1,1.5,119.1
1063,14:04:16,0.1,1.5,119.1
1095,14:04:48,11.6,1.5,293.9
1096,14:04:49,0.1,1.5,133.6
1097,14:04:50,0.1,1.5,120.4
1098,14:04:51,0.1,1.5,120.5
1130,14:05:23,0.6,1.5,272.1
1131,14:05:24,0.1,1.5,123.2
1132,14:05:25,0.1,1.5,123.1
1164,14:05:57,18.2,1.5,317.4
1165,14:05:58,0.1,1.5,150.6
1166,14:05:59,0.1,1.5,122.6
1167,14:06:00,0.2,1.5,122.4
1168,14:06:01,0.1,1.5,122.3
1169,14:06:02,0.1,1.5,121.9
1170,14:06:03,0.1,1.5,121.8
1171,14:06:04,0.1,1.5,121.6
1203,14:06:36,2.1,1.5,322.4
1204,14:06:37,1.1,1.5,128.1
1205,14:06:38,0.1,1.5,127.6
1206,14:06:39,0.1,1.5,116.7
1207,14:06:40,0.1,1.5,116.9
1238,14:07:11,53.7,1.5,326.5
1239,14:07:12,0.1,1.5,313.2
1240,14:07:13,0.1,1.5,116.5
1241,14:07:14,0.1,1.5,116.1
1242,14:07:15,0.7,1.5,116.3
1273,14:07:46,48.1,1.5,322.4
1274,14:07:47,0.1,1.5,321.8
1275,14:07:48,0.1,1.5,123.4
1276,14:07:49,0.1,1.5,123.5
1277,14:07:50,0.1,1.5,117.9
1278,14:07:51,0.1,1.5,118.2
1309,14:08:22,57.2,1.5,322.4
1310,14:08:23,0.1,1.5,322.9
1311,14:08:24,0.5,1.5,168.1
1312,14:08:25,0.1,1.5,120.6
1317,14:08:30,7.9,1.5,345.3
1318,14:08:31,0.1,1.5,223.2
1319,14:08:32,0.1,1.5,119.8
1351,14:09:04,35.6,1.5,323.3
1352,14:09:05,0.4,1.5,322.9
1353,14:09:06,0.4,1.5,140.3
1354,14:09:07,0.2,1.5,120.2
1386,14:09:40,50,1.5,323.9
1387,14:09:41,0,1.5,200
1388,14:09:42,0.1,1.5,115.5
1389,14:09:43,0.1,1.5,115.5
1390,14:09:44,0.2,1.5,114.8
1391,14:09:45,0.2,1.5,115.4
1423,14:10:17,31.9,1.5,323.1
1424,14:10:18,0.1,1.5,164.7
1425,14:10:19,0.1,1.5,121
1426,14:10:20,0.1,1.5,120.6
1458,14:10:52,49.4,1.5,325.9
1459,14:10:53,0.1,1.5,248.2
1460,14:10:54,0.1,1.5,112.4
1461,14:10:55,0,1.5,118.5
1462,14:10:56,0.1,1.5,118.5
1129,14:05:22,56.8,1.6,323.8
39,13:47:07,0.8,1.9,104.1
289,13:51:19,1.2,2.1,114.4
75,13:47:43,1.8,2.5,104.1
639,13:57:10,2.2,2.6,113.7
391,13:53:02,19.7,3,239.6
4,13:46:32,2,3.1,111.9
1313,14:08:26,3.8,3.3,120
33,13:47:01,1.8,3.4,154.3
1478,14:11:51,8.6,3.4,318.9
991,14:03:03,3.6,3.5,114.7
5,13:46:33,1.9,3.9,143.9
6,13:46:34,1.9,3.9,152.7
7,13:46:35,1.8,3.9,152.7
8,13:46:36,1.9,3.9,152.8
9,13:46:37,1.9,3.9,152.8
10,13:46:38,2.2,3.9,152.9
11,13:46:39,1.8,3.9,153
12,13:46:40,1.8,3.9,152.9
13,13:46:41,2,3.9,153.1
14,13:46:42,1.9,3.9,153.2
15,13:46:43,1.8,3.9,153.4
16,13:46:44,1.9,3.9,153.4
17,13:46:45,1.8,3.9,153.6
18,13:46:46,1.9,3.9,153.9
19,13:46:47,1.9,3.9,154.1
20,13:46:48,1.9,3.9,154.2
21,13:46:49,1.9,3.9,154.3
22,13:46:50,2.1,3.9,154.2
23,13:46:51,1.9,3.9,154.1
24,13:46:52,1.9,3.9,153.9
25,13:46:53,1.9,3.9,154
26,13:46:54,1.8,3.9,154
27,13:46:55,1.9,3.9,154
28,13:46:56,2.1,3.9,154
29,13:46:57,1.9,3.9,153.9
30,13:46:58,2.1,3.9,153.8
31,13:46:59,1.9,3.9,154.1
32,13:47:00,1.8,3.9,154.2
361,13:52:32,3.6,3.9,117.6
183,13:49:33,5.9,4.3,107
744,13:58:56,37.3,4.3,292.7
40,13:47:08,5.2,4.4,111.4
534,13:55:25,4.2,4.4,118.8
1355,14:09:08,5.7,4.4,119.8
1202,14:06:35,59,4.8,323
110,13:48:18,4.7,5.4,111.6
218,13:50:08,8.5,5.9,113.3
952,14:02:24,48.4,5.9,317.9
76,13:47:44,5.7,6,104.5
41,13:47:09,7.2,6.3,140.9
42,13:47:10,3.6,6.3,141.4
43,13:47:11,3.7,6.3,161.2
44,13:47:12,3.7,6.3,167.1
45,13:47:13,3.6,6.3,167.2
46,13:47:14,3.7,6.3,167.5
47,13:47:15,3.7,6.3,167.6
48,13:47:16,3.6,6.3,167.7
49,13:47:17,3.8,6.3,167.8
50,13:47:18,3.6,6.3,167.9
51,13:47:19,3.7,6.3,167.8
52,13:47:20,3.7,6.3,167.8
53,13:47:21,3.7,6.3,167.9
54,13:47:22,3.6,6.3,167.6
55,13:47:23,3.6,6.3,147.2
56,13:47:24,3.9,6.3,165.1
57,13:47:25,3.7,6.3,165.5
58,13:47:26,3.6,6.3,165.8
59,13:47:27,3.6,6.3,166.1
60,13:47:28,3.8,6.3,166.4
61,13:47:29,3.6,6.3,166.7
62,13:47:30,3.7,6.3,166.9
63,13:47:31,3.6,6.3,167
64,13:47:32,3.8,6.3,167.1
65,13:47:33,4,6.3,167.3
66,13:47:34,3.9,6.3,167.6
67,13:47:35,3.6,6.3,167.8
68,13:47:36,3.7,6.3,167.9
319,13:51:50,16.3,6.6,227.5
150,13:48:58,7.5,8,113.4
431,13:53:42,13.5,8.4,116.3
77,13:47:45,5.6,8.7,134.4
78,13:47:46,5.5,8.7,153.5
79,13:47:47,5.5,8.7,153.8
80,13:47:48,5.7,8.7,177.5
81,13:47:49,5.5,8.7,177.1
82,13:47:50,5.5,8.7,176.9
83,13:47:51,5.5,8.7,176.9
84,13:47:52,5.4,8.7,177
85,13:47:53,5.5,8.7,177.3
86,13:47:54,5.5,8.7,177.5
87,13:47:55,5.5,8.7,177.5
88,13:47:56,5.5,8.7,177.5
89,13:47:57,5.5,8.7,177.5
90,13:47:58,5.5,8.7,177.5
91,13:47:59,5.6,8.7,177.5
92,13:48:00,5.5,8.7,177.7
93,13:48:01,5.5,8.7,177.8
94,13:48:02,5.5,8.7,177.8
95,13:48:03,6,8.7,178
96,13:48:04,5.5,8.7,178.1
97,13:48:05,5.6,8.7,178.2
98,13:48:06,5.5,8.7,178.1
99,13:48:07,5.5,8.7,178.2
100,13:48:08,5.5,8.7,178.2
101,13:48:09,5.5,8.7,178.2
102,13:48:10,5.7,8.7,178.3
103,13:48:11,5.4,8.7,178.4
104,13:48:12,5.4,8.7,178.5
397,13:53:08,10.2,9.9,113.6
111,13:48:19,7.3,10.8,112.1
112,13:48:20,7.3,11,164.7
113,13:48:21,7.3,11,159.4
114,13:48:22,7.7,11,186
115,13:48:23,7.2,11,186.1
116,13:48:24,7.3,11,186.3
117,13:48:25,7.6,11,186.4
118,13:48:26,7.3,11,186.4
119,13:48:27,7.4,11,186.4
120,13:48:28,7.6,11,186.4
121,13:48:29,7.2,11,186.7
122,13:48:30,7.4,11,186.9
123,13:48:31,7.3,11,187.3
124,13:48:32,7.3,11,187.5
125,13:48:33,7.7,11,187.5
126,13:48:34,7.4,11,187.6
127,13:48:35,7.3,11,187.6
128,13:48:36,7.3,11,187.7
129,13:48:37,7.5,11,187.7
130,13:48:38,7.3,11,187.8
131,13:48:39,7.2,11,187.9
132,13:48:40,7.3,11,188
133,13:48:41,7.5,11,188
134,13:48:42,7.3,11,188.1
135,13:48:43,7.3,11,188.3
136,13:48:44,7.3,11,188.3
137,13:48:45,7.3,11,188.2
138,13:48:46,7.3,11,188.2
139,13:48:47,7.2,11,188.2
283,13:51:13,14.4,11.1,220.6
1320,14:08:33,17,11.1,120
714,13:58:26,13.2,11.2,113.5
184,13:49:34,10.9,11.6,134.4
254,13:50:44,14.3,12.8,114.3
564,13:55:55,28.8,13.1,267.5
1427,14:10:21,19.2,13.3,120.4
151,13:48:59,9,13.4,113.5
152,13:49:00,9,13.4,190.3
153,13:49:01,9,13.4,190.4
154,13:49:02,9,13.4,190.7
155,13:49:03,9,13.4,191
156,13:49:04,9,13.4,190.7
157,13:49:05,9,13.4,191
158,13:49:06,9,13.4,191.3
159,13:49:07,9.4,13.4,191.6
160,13:49:08,9,13.4,192
161,13:49:09,9.1,13.4,192.5
162,13:49:10,9.1,13.4,193
163,13:49:11,9,13.4,193.3
164,13:49:12,9,13.4,193.6
165,13:49:13,9,13.4,193.8
166,13:49:14,9,13.4,194
167,13:49:15,9,13.4,194.4
168,13:49:16,9.1,13.4,194.5
169,13:49:17,9,13.4,194.7
170,13:49:18,9,13.4,195
171,13:49:19,13.9,13.4,195.3
172,13:49:20,9,13.4,195.3
173,13:49:21,9.2,13.4,204.5
174,13:49:22,9.1,13.4,196.4
175,13:49:23,9,13.4,196.5
176,13:49:24,9.4,13.4,196.4
177,13:49:26,9,13.4,196.5
604,13:56:35,15.2,13.7,118.5
326,13:51:57,14.4,13.9,147.2
1064,14:04:17,20.1,14.1,119.1
219,13:50:09,12.6,14.5,141.5
1480,14:11:53,23.9,15.1,138.4
569,13:56:00,20.5,15.2,110.6
1316,14:08:29,62.3,15.2,373.9
290,13:51:20,16.1,15.7,114.3
922,14:01:54,21.6,15.7,116.6
1392,14:09:46,27.4,15.7,115.9
185,13:49:35,10.8,15.8,156.1
186,13:49:36,10.9,15.8,184.4
187,13:49:37,11.1,15.8,202
188,13:49:38,10.8,15.8,201.7
189,13:49:39,10.9,15.8,201.3
190,13:49:40,10.9,15.8,201.5
191,13:49:41,10.8,15.8,201.4
192,13:49:42,10.8,15.8,201.2
193,13:49:43,10.8,15.8,201.1
194,13:49:44,10.8,15.8,201.2
195,13:49:45,10.9,15.8,201.2
196,13:49:46,10.9,15.8,201.3
197,13:49:47,10.8,15.8,201.6
198,13:49:48,11.1,15.8,201.9
199,13:49:49,10.8,15.8,202.3
200,13:49:50,10.8,15.8,202.7
201,13:49:51,10.9,15.8,202.8
202,13:49:52,10.8,15.8,203.1
203,13:49:53,10.8,15.8,203.4
204,13:49:54,10.8,15.8,203.5
205,13:49:55,10.8,15.8,203.8
206,13:49:56,10.8,15.8,203.8
207,13:49:57,10.8,15.8,204
208,13:49:58,10.8,15.8,204.1
209,13:49:59,10.8,15.8,204.1
210,13:50:00,10.8,15.8,204.3
211,13:50:01,10.8,15.8,204.4
212,13:50:02,11.6,15.8,204.5
1463,14:10:57,24.7,16.7,112
220,13:50:10,12.6,18.2,161.2
221,13:50:11,12.6,18.2,190.1
222,13:50:12,12.5,18.2,209.2
223,13:50:13,12.6,18.2,208.8
224,13:50:14,12.8,18.2,208.7
225,13:50:15,12.6,18.2,208.7
226,13:50:16,12.9,18.2,208.8
227,13:50:17,12.6,18.2,209.2
228,13:50:18,12.5,18.2,209.4
229,13:50:19,12.7,18.2,209.8
230,13:50:20,12.6,18.2,210.2
231,13:50:21,12.6,18.2,210.3
232,13:50:22,12.6,18.2,210.6
233,13:50:23,12.6,18.2,210.8
234,13:50:24,12.6,18.2,211
235,13:50:25,12.6,18.2,211.1
236,13:50:26,12.6,18.2,211.2
237,13:50:27,12.5,18.2,211.2
238,13:50:28,13.2,18.2,211.3
239,13:50:29,12.7,18.2,211.3
240,13:50:30,12.6,18.2,211.1
241,13:50:31,12.6,18.2,210.6
242,13:50:32,12.7,18.2,210.4
243,13:50:33,12.8,18.2,210.3
244,13:50:34,12.6,18.2,210.2
245,13:50:35,13.2,18.2,210.1
246,13:50:36,12.6,18.2,210.2
247,13:50:37,12.8,18.2,209.9
500,13:54:51,19.8,18.3,115
1133,14:05:26,23.6,18.5,116.7
1477,14:11:48,70.3,18.9,283.6
362,13:52:33,19.8,20,169.9
466,13:54:17,24.5,20.5,100.3
255,13:50:45,14.4,20.6,179.3
256,13:50:46,14.3,20.6,179.5
257,13:50:47,14.3,20.6,208.5
258,13:50:48,14.4,20.6,208.7
259,13:50:49,14.5,20.6,215.9
260,13:50:50,14.6,20.6,216.3
261,13:50:51,14.4,20.6,216.5
262,13:50:52,14.3,20.6,216.7
263,13:50:53,14.3,20.6,216.9
264,13:50:54,14.4,20.6,217.3
265,13:50:55,14.4,20.6,217.5
266,13:50:56,14.4,20.6,217.8
267,13:50:57,14.4,20.6,217.9
268,13:50:58,14.4,20.6,218.2
269,13:50:59,14.4,20.6,218.7
270,13:51:00,14.3,20.6,218.9
271,13:51:01,14.4,20.6,219.1
272,13:51:02,14.5,20.6,219.3
273,13:51:03,14.7,20.6,219.5
274,13:51:04,14.6,20.6,219.6
275,13:51:05,14.4,20.6,219.8
276,13:51:06,14.4,20.6,220.1
277,13:51:07,14.5,20.6,220.1
278,13:51:08,14.3,20.6,220.3
279,13:51:09,14.3,20.6,220.4
280,13:51:10,14.4,20.6,220.5
281,13:51:11,14.3,20.6,220.6
282,13:51:12,14.3,20.6,220.6
1099,14:04:52,34.8,21.2,120.6
676,13:57:48,27.1,22.7,115.3
817,14:00:09,25.4,22.7,118.3
291,13:51:21,16.2,23,185
292,13:51:22,16.2,23,211
293,13:51:23,16.2,23,226.4
294,13:51:24,16.3,23,226.5
295,13:51:25,16.2,23,226.5
296,13:51:26,16.3,23,226.5
297,13:51:27,16.3,23,226.6
298,13:51:29,16.3,23,226.5
299,13:51:30,16.4,23,226.5
300,13:51:31,20.6,23,233.3
301,13:51:32,16.2,23,227.6
302,13:51:33,16.2,23,227.6
303,13:51:34,16.7,23,227.6
304,13:51:35,16.7,23,227.7
305,13:51:36,16.2,23,227.7
306,13:51:37,16.3,23,227.6
307,13:51:38,16.3,23,227.5
308,13:51:39,16.1,23,227.6
309,13:51:40,16.2,23,227.7
310,13:51:41,16.2,23,227.6
311,13:51:42,16.1,23,227.5
312,13:51:43,16.4,23,227.4
313,13:51:44,16.2,23,227.4
314,13:51:45,16.1,23,227.4
315,13:51:46,16.2,23,227.5
316,13:51:47,16.7,23,227.5
317,13:51:48,16.2,23,227.5
318,13:51:49,16.1,23,227.5
783,13:59:35,31.1,23.1,161
1094,14:04:47,55.5,23.6,324.1
749,13:59:01,30.5,24.8,119.2
327,13:51:58,18,25.4,236.2
328,13:51:59,18,25.4,230.7
329,13:52:00,17.9,25.4,231
330,13:52:01,18,25.4,231.6
331,13:52:02,18.1,25.4,232
332,13:52:03,17.9,25.4,232.3
333,13:52:04,18.4,25.4,232.7
334,13:52:05,17.9,25.4,232.9
335,13:52:06,17.9,25.4,233.2
336,13:52:07,18,25.4,233.3
337,13:52:08,18,25.4,233.5
338,13:52:09,17.9,25.4,233.7
339,13:52:10,18,25.4,233.8
340,13:52:11,17.9,25.4,234
341,13:52:12,18.2,25.4,234.1
342,13:52:13,18,25.4,234.2
343,13:52:14,18.4,25.4,234.3
344,13:52:15,17.9,25.4,234.4
345,13:52:16,17.9,25.4,234.4
346,13:52:17,18,25.4,234.4
347,13:52:18,17.9,25.4,234.5
348,13:52:19,18,25.4,234.4
349,13:52:20,17.9,25.4,234.6
350,13:52:21,17.9,25.4,234.8
351,13:52:22,18,25.4,235
352,13:52:23,18,25.4,235
353,13:52:24,17.9,25.4,235
354,13:52:25,18,25.4,235.1
355,13:52:26,17.9,25.4,235.1
495,13:54:46,25.3,26.6,260.2
1163,14:05:56,59.1,26.6,326.1
432,13:53:43,23.4,27.1,170.8
535,13:55:26,28.7,27.5,110
363,13:52:34,20.2,27.8,220.9
364,13:52:35,19.8,27.8,237.6
365,13:52:36,20,27.8,238
366,13:52:37,19.7,27.8,238.3
367,13:52:38,19.9,27.8,238.6
368,13:52:39,19.8,27.8,238.9
369,13:52:40,19.7,27.8,239.3
370,13:52:41,19.8,27.8,239.6
371,13:52:42,19.9,27.8,239.8
372,13:52:43,19.7,27.8,239.9
373,13:52:44,19.8,27.8,239.8
374,13:52:45,19.7,27.8,239.6
375,13:52:46,19.8,27.8,239.4
376,13:52:47,19.8,27.8,239.5
377,13:52:48,19.7,27.8,239.5
378,13:52:49,19.7,27.8,239.5
379,13:52:50,20.1,27.8,239.6
380,13:52:51,19.7,27.8,239.7
381,13:52:52,19.7,27.8,239.8
382,13:52:53,19.8,27.8,240
383,13:52:54,19.7,27.8,240.1
384,13:52:55,19.7,27.8,240
385,13:52:56,19.8,27.8,240
386,13:52:57,19.9,27.8,240.2
387,13:52:58,19.8,27.8,240.3
388,13:52:59,19.8,27.8,240.4
389,13:53:00,19.7,27.8,240.5
390,13:53:01,19.8,27.8,240.2
1172,14:06:05,40.6,28,121.3
669,13:57:40,34.1,28.6,282
1473,14:11:33,43.6,28.8,160
398,13:53:09,21.6,29,202
408,13:53:19,21.6,30.1,245.5
409,13:53:20,21.6,30.1,245.4
410,13:53:21,21.5,30.1,245.3
411,13:53:22,21.5,30.1,245.5
412,13:53:23,21.6,30.1,245.4
413,13:53:24,21.7,30.1,245.4
414,13:53:25,21.6,30.1,245.5
415,13:53:26,21.6,30.1,245.6
416,13:53:27,21.5,30.1,245.7
417,13:53:28,21.6,30.1,245.6
418,13:53:29,21.8,30.1,245.5
419,13:53:30,21.6,30.1,245.5
424,13:53:35,21.6,30.1,245.3
425,13:53:36,21.6,30.1,245.4
426,13:53:37,21.5,30.1,245.4
399,13:53:10,21.7,30.2,247.6
400,13:53:11,21.5,30.2,246.9
401,13:53:12,21.5,30.2,246.8
402,13:53:13,21.6,30.2,246.5
403,13:53:14,21.6,30.2,246.3
404,13:53:15,21.5,30.2,246
405,13:53:16,21.6,30.2,245.7
406,13:53:17,21.7,30.2,245.7
407,13:53:18,21.6,30.2,245.6
420,13:53:31,21.6,30.2,245.4
421,13:53:32,21.6,30.2,245.5
422,13:53:33,21.6,30.2,245.5
423,13:53:34,21.6,30.2,245.4
640,13:57:11,34,30.6,106.6
887,14:01:19,38.2,30.7,114.3
852,14:00:44,43,32,150.8
433,13:53:44,23.3,32.5,227.2
434,13:53:45,23.4,32.5,246.1
435,13:53:46,23.3,32.5,251.2
436,13:53:47,23.4,32.5,251.2
437,13:53:48,23.3,32.5,251.5
438,13:53:49,23.3,32.5,251.6
439,13:53:50,23.4,32.5,251.4
440,13:53:51,23.3,32.5,251.4
441,13:53:52,23.3,32.5,251.3
442,13:53:53,23.4,32.5,251.5
443,13:53:54,23.5,32.5,251.4
444,13:53:55,23.3,32.5,251.4
445,13:53:56,23.3,32.5,251.3
446,13:53:57,23.5,32.5,251.2
447,13:53:58,23.3,32.5,251.2
448,13:53:59,23.4,32.5,251.3
449,13:54:00,23.3,32.5,251.4
450,13:54:01,23.3,32.5,251.5
451,13:54:02,23.4,32.5,251.5
452,13:54:03,23.4,32.5,251.4
453,13:54:04,23.7,32.6,251.3
454,13:54:05,23.4,32.6,251.4
455,13:54:06,23.4,32.6,251.4
456,13:54:07,23.6,32.6,251.5
457,13:54:08,23.3,32.6,251.5
458,13:54:09,23.4,32.6,251.6
459,13:54:10,23.5,32.6,251.6
460,13:54:11,23.3,32.6,251.6
1029,14:03:42,49.7,32.8,201.2
467,13:54:18,25.2,34.9,212.2
468,13:54:19,25.1,34.9,212.7
469,13:54:20,25.1,34.9,254.5
470,13:54:21,25.1,34.9,254.4
471,13:54:22,25,34.9,254.7
472,13:54:23,25.2,34.9,255.1
473,13:54:24,25.1,34.9,255.2
474,13:54:25,25.2,34.9,255.3
475,13:54:26,25.2,34.9,255.6
476,13:54:27,25,34.9,255.9
477,13:54:28,25.1,34.9,256
478,13:54:29,25.2,34.9,256.2
479,13:54:30,25.1,34.9,256.5
480,13:54:31,25.1,34.9,256.7
481,13:54:32,25.1,34.9,256.9
482,13:54:33,25,34.9,257
483,13:54:34,25.7,34.9,257.2
484,13:54:35,25.6,34.9,257.5
485,13:54:36,25.1,34.9,257.6
486,13:54:37,25.1,34.9,257.9
487,13:54:38,25.3,34.9,258.1
488,13:54:39,25.1,34.9,258.5
489,13:54:40,25.1,34.9,258.9
490,13:54:41,25.2,34.9,259.2
491,13:54:42,25.1,34.9,259.4
492,13:54:43,25.2,34.9,259.8
493,13:54:44,25.2,34.9,259.9
494,13:54:45,25.1,34.9,260.1
957,14:02:29,46.1,36.6,120.7
1208,14:06:41,59.2,36.6,117.2
1243,14:07:16,62.1,36.9,116.6
501,13:54:52,26.9,37.3,191.5
502,13:54:53,26.9,37.3,272.1
503,13:54:54,26.9,37.3,265
504,13:54:55,26.9,37.3,265
505,13:54:56,26.8,37.3,264.9
506,13:54:57,26.9,37.3,264.7
507,13:54:58,26.9,37.3,264.8
508,13:54:59,26.9,37.3,264.9
509,13:55:00,26.9,37.3,265
510,13:55:01,27.1,37.3,264.9
511,13:55:02,26.9,37.3,265
512,13:55:03,26.8,37.3,265
513,13:55:04,27.3,37.3,264.9
514,13:55:05,26.9,37.3,265
515,13:55:06,26.8,37.3,265
516,13:55:07,26.9,37.3,264.8
517,13:55:08,26.9,37.3,264.7
518,13:55:09,26.9,37.3,264.8
519,13:55:10,26.9,37.3,264.9
520,13:55:11,26.9,37.3,265
521,13:55:12,26.8,37.3,264.9
522,13:55:13,27,37.3,264.9
523,13:55:14,26.8,37.3,264.9
524,13:55:15,26.9,37.3,264.9
525,13:55:16,27,37.3,265
526,13:55:17,26.9,37.3,264.9
527,13:55:18,27.1,37.3,264.9
528,13:55:19,26.9,37.3,264.8
529,13:55:20,26.9,37.3,264.8
570,13:56:01,30.9,37.8,135.6
605,13:56:36,32.2,38.7,118.2
1279,14:07:52,56.4,39.3,118.5
536,13:55:27,28.8,39.7,214.2
537,13:55:28,29.1,39.7,255.1
538,13:55:29,28.7,39.7,265.4
539,13:55:30,28.7,39.7,264.8
540,13:55:31,28.7,39.7,264.4
541,13:55:32,28.6,39.7,264.4
542,13:55:33,28.7,39.7,264.6
543,13:55:34,28.8,39.7,264.8
544,13:55:35,29.1,39.7,265
545,13:55:36,29.7,39.7,265.3
546,13:55:37,28.7,39.7,265.8
547,13:55:38,28.7,39.7,265.7
548,13:55:39,28.7,39.7,265.2
549,13:55:40,28.6,39.7,265.3
550,13:55:41,28.7,39.7,265.5
551,13:55:42,28.8,39.7,265.9
552,13:55:43,28.6,39.7,266.2
553,13:55:44,28.7,39.7,266.3
554,13:55:45,28.7,39.7,266.4
555,13:55:46,28.7,39.7,266.3
556,13:55:47,28.7,39.7,266.3
557,13:55:48,28.7,39.7,266.4
558,13:55:49,28.8,39.7,266.5
559,13:55:50,28.6,39.7,266.7
560,13:55:51,28.7,39.7,266.7
561,13:55:52,31.9,39.7,266.7
562,13:55:53,30,39.7,266.9
563,13:55:54,28.7,39.7,274.4
571,13:56:02,30.5,42.1,226
572,13:56:03,30.6,42.1,239.6
573,13:56:04,30.5,42.1,268.1
574,13:56:05,30.9,42.1,268.5
575,13:56:06,30.4,42.1,268.9
576,13:56:07,30.6,42.1,269.1
577,13:56:08,30.4,42.1,269.4
578,13:56:09,30.4,42.1,269.7
579,13:56:10,30.6,42.1,269.9
580,13:56:11,30.4,42.1,270
581,13:56:12,30.6,42.1,270.2
582,13:56:13,30.5,42.1,270.3
583,13:56:14,30.5,42.1,270.5
584,13:56:15,30.4,42.1,270.6
585,13:56:16,30.6,42.1,270.8
586,13:56:17,30.5,42.1,270.8
587,13:56:18,30.5,42.1,270.9
588,13:56:19,30.6,42.1,271.1
589,13:56:20,30.6,42.1,271.2
590,13:56:21,30.5,42.1,271.3
591,13:56:22,30.6,42.1,271.5
592,13:56:23,30.5,42.1,271.7
593,13:56:24,30.4,42.1,271.5
594,13:56:25,30.4,42.1,271.4
595,13:56:26,30.5,42.1,271.4
596,13:56:27,30.4,42.1,271.5
597,13:56:28,30.9,42.1,271.6
598,13:56:29,30.6,42.1,271.7
715,13:58:27,37.5,43.4,136.2
1422,14:10:16,71.5,43.6,322.9
606,13:56:37,32.3,44.5,231.9
607,13:56:38,32.3,44.5,248.6
608,13:56:39,32.3,44.5,273.8
609,13:56:40,32.5,44.5,273.9
610,13:56:41,32.3,44.5,274
611,13:56:42,32.2,44.5,274.2
612,13:56:43,32.3,44.5,274.3
613,13:56:44,32.2,44.5,274.3
614,13:56:45,32.3,44.5,274.2
615,13:56:46,32.3,44.5,274
616,13:56:47,32.2,44.5,274.1
617,13:56:48,32.2,44.5,274.3
618,13:56:49,32.3,44.5,274.7
619,13:56:50,32.2,44.5,274.9
620,13:56:51,32.2,44.5,275.1
621,13:56:52,32.4,44.5,275.3
622,13:56:53,32.2,44.5,275.5
623,13:56:54,32.5,44.5,275.7
624,13:56:55,32.3,44.5,275.8
625,13:56:56,32.2,44.5,275.9
626,13:56:57,32.3,44.5,276.1
627,13:56:58,32.3,44.5,276.1
628,13:56:59,32.2,44.5,276.2
629,13:57:00,32.2,44.5,276.3
630,13:57:01,32.3,44.5,276.2
631,13:57:02,32.2,44.5,276.2
632,13:57:03,32.2,44.5,276.3
633,13:57:04,32.3,44.5,276.4
992,14:03:04,51.8,45.2,114.6
1314,14:08:27,66.2,46.6,120.1
641,13:57:12,34.1,46.9,146
642,13:57:13,34,46.9,274.2
643,13:57:14,34,46.9,274.1
644,13:57:15,34.1,46.9,280.1
645,13:57:16,34,46.9,280.3
646,13:57:17,34,46.9,280.7
647,13:57:18,34.1,46.9,281.2
648,13:57:19,34,46.9,281.4
649,13:57:20,34,46.9,281.5
650,13:57:21,34,46.9,281.4
651,13:57:22,34.2,46.9,281.4
652,13:57:23,34.1,46.9,281.8
653,13:57:24,34,46.9,282.1
654,13:57:25,34.1,46.9,282
655,13:57:26,34,46.9,281.8
656,13:57:27,34.1,46.9,281.7
657,13:57:28,34.1,46.9,281.6
658,13:57:29,34,46.9,281.6
659,13:57:30,34,46.9,281.6
660,13:57:31,34.1,46.9,281.6
661,13:57:32,34,46.9,281.6
662,13:57:33,34.1,46.9,281.6
663,13:57:34,34.2,46.9,281.6
664,13:57:35,34,46.9,281.7
665,13:57:36,34,46.9,281.8
666,13:57:37,34.1,46.9,281.8
667,13:57:38,34.2,46.9,281.8
668,13:57:39,34,46.9,282
677,13:57:49,35.9,47.7,242.7
1021,14:03:33,51.8,48.9,322.3
678,13:57:50,35.8,49.3,304.2
679,13:57:51,35.8,49.3,287.6
680,13:57:52,36,49.3,287.8
681,13:57:53,36,49.3,288.1
682,13:57:54,35.8,49.3,288.5
683,13:57:55,35.8,49.3,288.8
684,13:57:56,35.9,49.3,288.9
685,13:57:57,35.8,49.3,288.9
686,13:57:58,35.8,49.3,288.8
687,13:57:59,35.9,49.3,288.6
688,13:58:00,35.8,49.3,288.7
689,13:58:01,35.8,49.3,289.2
690,13:58:02,35.9,49.3,289.4
691,13:58:03,35.9,49.3,289.1
692,13:58:04,40.4,49.3,289.1
693,13:58:05,35.9,49.3,296.9
694,13:58:06,36.5,49.3,290.2
695,13:58:07,35.9,49.3,289.9
696,13:58:08,35.9,49.3,289.8
697,13:58:09,35.9,49.3,289.9
698,13:58:10,35.8,49.3,290.2
699,13:58:11,35.9,49.3,290.2
700,13:58:12,35.9,49.3,290.3
701,13:58:13,35.8,49.3,290.4
702,13:58:14,35.8,49.3,290.4
703,13:58:15,35.9,49.3,290.5
704,13:58:16,35.9,49.3,290.6
705,13:58:17,35.8,49.3,290.6
1321,14:08:34,68.2,50.1,119.5
1356,14:09:09,69.7,50.4,119.6
1484,14:12:05,15.6,51.3,167.7
716,13:58:28,37.9,51.7,316.2
717,13:58:29,37.7,51.7,302.8
718,13:58:30,37.6,51.7,294.9
719,13:58:31,37.5,51.7,295
720,13:58:32,37.7,51.7,295.2
721,13:58:33,37.6,51.7,295.2
722,13:58:34,37.7,51.7,295.3
723,13:58:35,37.8,51.7,295.4
724,13:58:36,38,51.7,295.3
725,13:58:37,37.7,51.7,294.9
726,13:58:38,37.8,51.7,294.9
727,13:58:39,37.7,51.7,295
728,13:58:40,37.7,51.7,295
729,13:58:41,37.7,51.7,295
730,13:58:42,37.7,51.7,294.8
731,13:58:43,37.6,51.7,294.5
732,13:58:44,37.7,51.7,294.3
733,13:58:45,37.7,51.7,294
734,13:58:46,37.8,51.7,293.8
735,13:58:47,37.7,51.7,293.6
736,13:58:48,37.7,51.7,293.4
737,13:58:49,37.7,51.7,293.2
738,13:58:50,37.6,51.7,293.1
739,13:58:51,37.6,51.7,292.9
740,13:58:52,37.8,51.7,292.7
741,13:58:53,37.6,51.7,292.7
742,13:58:54,37.6,51.7,292.7
743,13:58:55,37.8,51.7,292.7
881,14:01:13,44.8,52.7,309.1
1350,14:09:03,68,53.1,323.2
750,13:59:02,39.3,53.3,192.3
923,14:01:55,48.4,54,187.4
751,13:59:03,39.4,54.1,289.4
752,13:59:04,39.5,54.1,289.8
753,13:59:05,39.4,54.1,297.1
754,13:59:06,39.7,54.1,297.5
755,13:59:07,39.5,54.1,298
756,13:59:08,39.5,54.1,298
757,13:59:09,39.3,54.1,298.1
758,13:59:10,39.4,54.1,298.3
759,13:59:11,39.3,54.1,298.3
760,13:59:12,39.5,54.1,298.3
761,13:59:13,39.6,54.1,298.2
762,13:59:14,39.4,54.1,298
763,13:59:15,39.4,54.1,297.7
764,13:59:16,39.4,54.1,297.9
765,13:59:17,39.4,54.1,297.8
766,13:59:18,39.4,54.1,297.6
767,13:59:19,39.4,54.1,297.5
768,13:59:20,39.4,54.1,297.1
769,13:59:21,39.3,54.1,297
770,13:59:22,39.4,54.1,296.9
771,13:59:23,39.4,54.1,296.7
772,13:59:24,39.4,54.1,296.4
773,13:59:25,39.5,54.1,296.3
774,13:59:26,39.3,54.1,296.2
775,13:59:27,39.3,54.1,296.1
776,13:59:28,39.7,54.1,296.1
777,13:59:29,39.5,54.1,296.1
778,13:59:30,39.4,54.1,296.2
784,13:59:36,41.4,54.7,268.7
1065,14:04:18,55.4,55.1,287.6
785,13:59:37,41.2,56.4,295.1
786,13:59:38,41.2,56.4,295.6
787,13:59:39,41.1,56.4,296.1
788,13:59:40,41.4,56.4,296.6
789,13:59:41,41.3,56.4,296.9
790,13:59:42,41.2,56.4,297
791,13:59:43,41.1,56.4,297.3
792,13:59:44,41.2,56.4,297.4
793,13:59:45,41.2,56.4,297.6
794,13:59:46,41.1,56.4,297.7
795,13:59:47,41.4,56.4,297.8
796,13:59:48,41.2,56.4,298
797,13:59:49,41.1,56.4,298.2
798,13:59:50,41.2,56.4,298.3
799,13:59:51,41.2,56.4,298.5
800,13:59:52,41.3,56.4,298.6
801,13:59:53,41.1,56.4,298.6
802,13:59:54,41.1,56.4,298.8
803,13:59:55,41.4,56.4,298.8
804,13:59:56,41.2,56.4,299
805,13:59:57,41.2,56.4,299.1
806,13:59:58,41.1,56.4,299.2
807,13:59:59,41.3,56.4,299.3
808,14:00:00,41.1,56.4,299.4
809,14:00:01,41.2,56.4,299.5
810,14:00:02,41.5,56.4,299.6
811,14:00:03,41.2,56.4,299.3
812,14:00:04,41.3,56.4,299.3
1393,14:09:47,71.6,56.7,243.3
818,14:00:10,42.9,57.1,318.3
819,14:00:11,43,58.8,318.6
820,14:00:12,43,58.8,304.8
821,14:00:13,42.9,58.8,305
822,14:00:14,43,58.8,304.8
823,14:00:15,47.8,58.8,305.1
824,14:00:16,42.9,58.8,305.3
825,14:00:17,43,58.8,305
826,14:00:18,43,58.8,305
827,14:00:19,42.9,58.8,305.3
828,14:00:20,43,58.8,305.5
829,14:00:21,43,58.8,305
830,14:00:22,43,58.8,304.5
831,14:00:23,42.9,58.8,304.5
832,14:00:24,42.9,58.8,304.7
833,14:00:25,43.1,58.8,304.4
834,14:00:26,42.9,58.8,304.5
835,14:00:27,42.9,58.8,304.6
836,14:00:28,43.4,58.8,304.6
837,14:00:29,43.1,58.8,304.7
838,14:00:30,43,58.8,305
839,14:00:31,43,58.8,305
840,14:00:32,43.1,58.8,305.1
841,14:00:33,42.9,58.8,305.2
842,14:00:34,43,58.8,305.2
843,14:00:35,43.1,58.8,305.3
844,14:00:36,44.5,58.8,305
845,14:00:37,42.9,58.8,305.1
846,14:00:38,43,58.8,305
1457,14:10:51,73.4,59.2,325.6
1428,14:10:22,73.4,59.3,233.3
1100,14:04:53,57.4,59.4,276
1481,14:11:54,77.1,60.1,144.5
1134,14:05:27,59.1,60.5,267.9
853,14:00:45,44.8,61.2,279.7
854,14:00:46,44.9,61.2,302.6
855,14:00:47,44.9,61.2,309.1
856,14:00:48,44.8,61.2,309.2
857,14:00:49,44.7,61.2,309.4
858,14:00:50,44.8,61.2,309.7
859,14:00:51,44.8,61.2,309.6
860,14:00:52,44.7,61.2,309.5
861,14:00:53,44.8,61.2,309.3
862,14:00:54,44.8,61.2,309.2
863,14:00:55,44.7,61.2,309
864,14:00:56,44.8,61.2,308.9
865,14:00:57,44.8,61.2,308.8
866,14:00:58,44.8,61.2,308.7
867,14:00:59,45.1,61.2,308.6
868,14:01:00,44.8,61.2,308.7
869,14:01:01,44.8,61.2,308.6
870,14:01:02,45,61.2,308.7
871,14:01:03,44.7,61.2,308.8
872,14:01:04,44.8,61.2,308.8
873,14:01:05,44.7,61.2,308.7
874,14:01:06,44.8,61.2,308.7
875,14:01:07,44.8,61.2,308.8
876,14:01:08,44.8,61.2,308.7
877,14:01:09,44.8,61.2,308.8
878,14:01:10,44.8,61.2,308.9
879,14:01:11,44.9,61.2,308.9
880,14:01:12,44.7,61.2,309
888,14:01:20,46.5,62.5,309.1
1464,14:10:58,75.1,62.5,212.4
986,14:02:58,50.2,62.7,322.3
889,14:01:21,46.6,63.6,340
890,14:01:22,46.6,63.6,314.2
891,14:01:23,46.5,63.6,314.3
892,14:01:24,46.6,63.6,314.8
893,14:01:25,46.7,63.6,315.1
894,14:01:26,46.5,63.6,315.4
895,14:01:27,46.5,63.6,315.5
896,14:01:28,46.8,63.6,315.6
897,14:01:29,46.5,63.6,315.4
898,14:01:30,46.6,63.6,315.3
899,14:01:31,46.5,63.6,315.5
900,14:01:32,46.6,63.6,315.5
901,14:01:33,46.5,63.6,315.4
902,14:01:34,46.6,63.6,315.3
903,14:01:35,46.5,63.6,315.2
904,14:01:36,46.6,63.6,315.2
905,14:01:37,46.5,63.6,315.2
906,14:01:38,46.7,63.6,315
907,14:01:39,46.5,63.6,314.8
908,14:01:40,46.8,63.6,314.6
909,14:01:41,46.6,63.6,314.3
910,14:01:42,46.5,63.6,314.2
911,14:01:43,46.5,63.6,314.2
912,14:01:44,46.6,63.6,314.2
913,14:01:45,46.6,63.6,314.1
914,14:01:46,46.5,63.6,314.1
915,14:01:47,46.5,63.6,314
916,14:01:48,46.6,63.6,314
924,14:01:56,48.3,66,331.1
925,14:01:57,48.4,66,323.1
926,14:01:58,48.4,66,316.8
927,14:01:59,48.3,66,316.7
928,14:02:00,48.3,66,316.6
929,14:02:01,48.4,66,316.5
930,14:02:02,48.4,66,316.5
931,14:02:03,48.3,66,316.3
932,14:02:04,48.3,66,316.3
933,14:02:05,48.4,66,316.3
934,14:02:06,49,66,316.5
935,14:02:07,48.3,66,316.7
936,14:02:08,48.4,66,316.9
937,14:02:09,48.3,66,316.9
938,14:02:10,48.4,66,316.8
939,14:02:11,48.3,66,316.8
940,14:02:12,48.3,66,316.7
941,14:02:13,48.4,66,316.8
942,14:02:14,48.4,66,316.8
943,14:02:15,48.4,66,316.9
944,14:02:16,48.3,66,316.9
945,14:02:17,48.4,66,316.8
946,14:02:18,48.6,66,317
947,14:02:19,48.2,66,317.1
948,14:02:20,48.3,66,317.1
949,14:02:21,48.4,66,317.2
950,14:02:22,48.3,66,317.4
951,14:02:23,48.4,66,317.7
1058,14:04:11,53.7,66.6,323
958,14:02:30,50.1,68.3,269.5
959,14:02:31,50.1,68.4,327.8
960,14:02:32,50.3,68.4,327.3
961,14:02:33,50.2,68.4,322.1
962,14:02:34,50.2,68.4,321.9
963,14:02:35,50.1,68.4,321.8
964,14:02:36,50.6,68.4,321.7
965,14:02:37,50.2,68.4,321.7
966,14:02:38,50.1,68.4,321.6
967,14:02:39,50.1,68.4,321.5
968,14:02:40,50.1,68.4,321.5
969,14:02:41,50.2,68.4,321.6
970,14:02:42,50,68.4,321.5
971,14:02:43,50.1,68.4,321.5
972,14:02:44,50.1,68.4,321.5
973,14:02:45,50.5,68.4,321.5
974,14:02:46,50.2,68.4,321.6
975,14:02:47,50.1,68.4,321.6
976,14:02:48,50.1,68.4,321.7
977,14:02:49,50.2,68.4,321.7
978,14:02:50,50.2,68.4,321.7
979,14:02:51,50.1,68.4,321.8
980,14:02:52,50.1,68.4,321.9
981,14:02:53,50.2,68.4,321.9
982,14:02:54,50.2,68.4,322
983,14:02:55,50.2,68.4,322
984,14:02:56,50.1,68.4,322.2
985,14:02:57,50.1,68.4,322.2
1030,14:03:43,53.7,70,307.3
993,14:03:05,51.9,70.4,298.1
1173,14:06:06,60.9,70.6,291
994,14:03:06,52.4,70.8,345.3
995,14:03:07,52,70.8,325.4
996,14:03:08,52,70.8,325.3
997,14:03:09,51.9,70.8,325.2
998,14:03:10,52,70.8,325.3
999,14:03:11,52,70.8,325.4
1000,14:03:12,52,70.8,325.4
1001,14:03:13,51.9,70.8,325.4
1002,14:03:14,52,70.8,325
1003,14:03:15,52.1,70.8,324.5
1004,14:03:16,51.9,70.8,324.2
1005,14:03:17,51.9,70.8,323.9
1006,14:03:18,52,70.8,323.7
1007,14:03:19,51.9,70.8,323.2
1008,14:03:20,51.8,70.8,322.9
1009,14:03:21,51.9,70.8,322.7
1010,14:03:22,52,70.8,322.7
1011,14:03:23,52,70.8,322.4
1012,14:03:24,51.8,70.8,322.3
1013,14:03:25,51.8,70.8,322.4
1014,14:03:26,52.1,70.8,322.5
1015,14:03:27,52.1,70.8,322.4
1016,14:03:28,52.1,70.8,322.4
1017,14:03:29,52.1,70.8,322.2
1018,14:03:30,52,70.8,322.3
1019,14:03:31,51.9,70.8,322
1020,14:03:32,51.9,70.8,322.2
1385,14:09:39,69.8,72,323.4
1031,14:03:44,53.7,73.2,331.3
1032,14:03:45,53.7,73.2,325
1033,14:03:46,53.7,73.2,324.9
1034,14:03:47,53.8,73.2,325.1
1035,14:03:48,53.7,73.2,325.2
1036,14:03:49,53.7,73.2,325
1037,14:03:50,53.7,73.2,324.9
1038,14:03:51,53.8,73.2,324.8
1039,14:03:52,53.7,73.2,324.9
1040,14:03:53,53.6,73.2,324.9
1041,14:03:54,53.8,73.2,324.9
1042,14:03:55,53.7,73.2,324.8
1043,14:03:56,53.7,73.2,324.5
1044,14:03:57,53.6,73.2,324.4
1045,14:03:58,53.8,73.2,324.1
1046,14:03:59,53.8,73.2,323.9
1047,14:04:00,53.6,73.2,323.7
1048,14:04:01,53.6,73.2,323.5
1049,14:04:02,53.7,73.2,323.5
1050,14:04:03,53.7,73.2,323.3
1051,14:04:04,53.7,73.2,323.2
1052,14:04:05,53.7,73.2,323
1053,14:04:06,53.7,73.2,323
1054,14:04:07,54.2,73.2,323
1055,14:04:08,53.6,73.2,323.1
1056,14:04:09,53.9,73.2,323.1
1057,14:04:10,53.6,73.2,323
1066,14:04:19,55.6,75,348.1
1067,14:04:20,55.5,75.6,326.4
1068,14:04:21,55.4,75.6,325.8
1069,14:04:22,55.5,75.6,325.3
1070,14:04:23,55.5,75.6,324.8
1071,14:04:24,55.5,75.6,324.5
1072,14:04:25,55.4,75.6,324.1
1073,14:04:26,55.6,75.6,323.9
1074,14:04:27,55.6,75.6,323.7
1075,14:04:28,55.6,75.6,323.5
1076,14:04:29,55.4,75.6,323.4
1077,14:04:30,55.5,75.6,323.2
1078,14:04:31,55.5,75.6,323.1
1079,14:04:32,55.5,75.6,323.1
1080,14:04:33,55.5,75.6,323.1
1081,14:04:34,55.5,75.6,323.1
1082,14:04:35,55.6,75.6,323.1
1083,14:04:36,55.5,75.6,323.1
1084,14:04:37,59.5,75.6,323
1085,14:04:38,57,75.6,323.5
1086,14:04:39,55.7,75.6,323.6
1087,14:04:40,55.6,75.6,323.7
1088,14:04:41,55.4,75.6,323.7
1089,14:04:42,55.4,75.6,323.9
1090,14:04:43,55.5,75.6,323.9
1091,14:04:44,55.6,75.6,324
1092,14:04:45,55.4,75.6,324
1093,14:04:46,55.5,75.6,324
1272,14:07:45,64.4,76.5,322.3
1237,14:07:10,62.7,76.6,326.4
1209,14:06:42,62.7,77.2,289
1474,14:11:34,77.1,77.7,225
1101,14:04:54,57.3,77.9,322.5
1102,14:04:55,57.2,77.9,328.2
1103,14:04:56,57.3,77.9,327.5
1104,14:04:57,57.4,77.9,326.9
1105,14:04:58,57.2,77.9,326.3
1106,14:04:59,57.4,77.9,325.8
1107,14:05:00,57.3,77.9,325.5
1108,14:05:01,57.3,77.9,325.1
1109,14:05:02,57.2,77.9,324.9
1110,14:05:03,57.3,77.9,324.6
1111,14:05:04,57.2,77.9,324.4
1112,14:05:05,57.3,77.9,324.2
1113,14:05:06,57.4,77.9,324
1114,14:05:07,57.2,77.9,324
1115,14:05:08,57.4,77.9,323.9
1116,14:05:09,57.4,77.9,323.8
1117,14:05:10,57.3,77.9,323.8
1118,14:05:11,57.2,77.9,323.7
1119,14:05:12,57.2,77.9,323.7
1120,14:05:13,57.3,77.9,323.7
1121,14:05:14,57.4,77.9,323.7
1122,14:05:15,57.2,77.9,323.7
1123,14:05:16,57.2,77.9,323.7
1124,14:05:17,57.4,77.9,323.7
1125,14:05:18,57.2,77.9,323.7
1126,14:05:19,57.2,77.9,323.7
1127,14:05:20,57.2,77.9,323.8
1128,14:05:21,57.4,77.9,323.9
1244,14:07:17,64.4,78.3,265.6
1280,14:07:53,66.2,80.1,260.6
1135,14:05:28,59.4,80.2,333.3
1136,14:05:29,59,80.3,333.3
1137,14:05:30,59.3,80.3,328
1138,14:05:31,59.1,80.3,328.1
1139,14:05:32,59.1,80.3,328.5
1140,14:05:33,59,80.3,328.9
1141,14:05:34,59.1,80.3,329
1142,14:05:35,59.1,80.3,328.7
1143,14:05:36,59,80.3,328.8
1144,14:05:37,60.1,80.3,328.8
1145,14:05:38,59.1,80.3,328.7
1146,14:05:39,59.2,80.3,328.6
1147,14:05:40,59,80.3,328.5
1148,14:05:41,59.1,80.3,328.5
1149,14:05:42,59.1,80.3,328.3
1150,14:05:43,59.1,80.3,328.3
1151,14:05:44,59,80.3,328.1
1152,14:05:45,59,80.3,328.1
1153,14:05:46,59.1,80.3,328.1
1154,14:05:47,59.1,80.3,328.2
1155,14:05:48,59,80.3,328.1
1156,14:05:49,59,80.3,327.9
1157,14:05:50,59,80.3,327.6
1158,14:05:51,59.1,80.3,327.3
1159,14:05:52,59,80.3,327
1160,14:05:53,59,80.3,326.8
1161,14:05:54,59,80.3,326.4
1162,14:05:55,59.1,80.3,326.2
1174,14:06:07,61.4,82.7,359.3
1175,14:06:08,60.8,82.7,333.7
1176,14:06:09,61,82.7,325
1177,14:06:10,60.9,82.7,324.7
1178,14:06:11,60.8,82.7,324.6
1179,14:06:12,60.8,82.7,324.4
1180,14:06:13,61,82.7,324.2
1181,14:06:14,60.8,82.7,324.2
1182,14:06:15,60.8,82.7,324.3
1183,14:06:16,60.8,82.7,324.2
1184,14:06:17,60.9,82.7,324.2
1185,14:06:18,60.9,82.7,324.1
1186,14:06:19,60.8,82.7,324.1
1187,14:06:20,60.8,82.7,323.9
1188,14:06:21,60.9,82.7,323.9
1189,14:06:22,61,82.7,323.9
1190,14:06:23,60.8,82.7,323.7
1191,14:06:24,60.8,82.7,323.6
1192,14:06:25,60.9,82.7,323.4
1193,14:06:26,60.9,82.7,323.2
1194,14:06:27,60.8,82.7,323.1
1195,14:06:28,61,82.7,323
1196,14:06:29,60.8,82.7,323.2
1197,14:06:30,61,82.7,323.3
1198,14:06:31,60.9,82.7,323.3
1199,14:06:32,60.8,82.7,323.1
1200,14:06:33,60.8,82.7,323
1201,14:06:34,61,82.7,323.1
1210,14:06:43,62.7,85.1,328.2
1211,14:06:44,62.6,85.1,333.3
1212,14:06:45,62.6,85.1,323.1
1213,14:06:46,62.6,85.1,323.3
1214,14:06:47,62.7,85.1,323.8
1215,14:06:48,66.1,85.1,324.4
1216,14:06:49,64.2,85.1,330
1217,14:06:50,62.7,85.1,329.8
1218,14:06:51,62.7,85.1,329.3
1219,14:06:52,62.6,85.1,329.1
1220,14:06:53,62.7,85.1,329.1
1221,14:06:54,62.7,85.1,328.9
1222,14:06:55,62.6,85.1,328.8
1223,14:06:56,62.6,85.1,328.6
1224,14:06:57,62.6,85.1,328.5
1225,14:06:58,62.7,85.1,328.3
1226,14:06:59,62.6,85.1,328.2
1227,14:07:00,62.5,85.1,328
1228,14:07:01,62.6,85.1,327.9
1229,14:07:02,62.7,85.1,327.8
1230,14:07:03,62.7,85.1,327.7
1231,14:07:04,62.6,85.1,327.5
1232,14:07:05,62.7,85.1,327.1
1233,14:07:06,62.8,85.1,326.9
1234,14:07:07,62.9,85.1,326.5
1235,14:07:08,62.6,85.1,326.5
1236,14:07:09,62.7,85.1,326.4
1315,14:08:28,66.3,85.7,272.7
1245,14:07:18,64.5,87.5,330
1246,14:07:19,64.3,87.5,335.9
1247,14:07:20,64.4,87.5,324.1
1248,14:07:21,64.5,87.5,323.8
1249,14:07:22,64.5,87.5,323.6
1250,14:07:23,64.4,87.5,323.4
1251,14:07:24,64.3,87.5,323.3
1252,14:07:25,64.5,87.5,323.3
1253,14:07:26,64.5,87.5,323.4
1254,14:07:27,64.4,87.5,323.5
1255,14:07:28,64.5,87.5,323.3
1256,14:07:29,64.4,87.5,323.2
1257,14:07:30,64.7,87.5,323.1
1258,14:07:31,64.5,87.5,322.9
1259,14:07:32,64.5,87.5,322.8
1260,14:07:33,64.5,87.5,322.6
1261,14:07:34,64.5,87.5,322.5
1262,14:07:35,64.4,87.5,322.5
1263,14:07:36,64.4,87.5,322.4
1264,14:07:37,64.8,87.5,322.4
1265,14:07:38,64.5,87.5,322.4
1266,14:07:39,64.5,87.5,322.4
1267,14:07:40,64.4,87.5,322.3
1268,14:07:41,64.4,87.5,322.3
1269,14:07:42,64.6,87.5,322.3
1270,14:07:43,64.5,87.5,322.4
1271,14:07:44,64.4,87.5,322.3
1357,14:09:10,69.8,87.6,255.3
1322,14:08:35,68,89,270.7
1281,14:07:54,66.2,89.9,331.9
1282,14:07:55,66.2,89.9,340.4
1283,14:07:56,66.2,89.9,320.9
1284,14:07:57,66.3,89.9,321
1285,14:07:58,66.3,89.9,321.1
1286,14:07:59,66.2,89.9,321.1
1287,14:08:00,66.1,89.9,321.2
1288,14:08:01,66.2,89.9,321.3
1289,14:08:02,66.2,89.9,321.4
1290,14:08:03,66.3,89.9,321.5
1291,14:08:04,66.2,89.9,321.5
1292,14:08:05,66.2,89.9,321.7
1293,14:08:06,66.2,89.9,321.8
1294,14:08:07,66.6,89.9,321.8
1295,14:08:08,66.2,89.9,321.9
1296,14:08:09,66.4,89.9,321.9
1297,14:08:10,66.3,89.9,321.9
1298,14:08:11,66.2,89.9,322
1299,14:08:12,66.3,89.9,322
1300,14:08:13,66.2,89.9,322
1301,14:08:14,66.3,89.9,322
1302,14:08:15,66.3,89.9,322
1303,14:08:16,66.1,89.9,322.1
1304,14:08:17,66.1,89.9,322.2
1305,14:08:18,66.3,89.9,322.2
1306,14:08:19,66.2,89.9,322.2
1307,14:08:20,66.2,89.9,322.3
1308,14:08:21,66.2,89.9,322.3
1323,14:08:36,67.9,92.3,328.8
1324,14:08:37,68.4,92.3,342.6
1325,14:08:38,68.2,92.3,321.3
1326,14:08:39,68,92.3,321.2
1327,14:08:40,67.9,92.3,321.1
1328,14:08:41,68,92.3,321.2
1329,14:08:42,68.1,92.3,321.3
1330,14:08:43,67.9,92.3,321.4
1331,14:08:44,67.9,92.3,321.4
1332,14:08:45,67.9,92.3,321.4
1333,14:08:46,68,92.3,321.6
1334,14:08:47,68,92.3,321.8
1335,14:08:48,68,92.3,321.7
1336,14:08:49,68,92.3,321.8
1337,14:08:50,68.2,92.3,321.8
1338,14:08:51,68.1,92.3,321.8
1339,14:08:52,68,92.3,322
1340,14:08:53,68,92.3,322.1
1341,14:08:54,68,92.3,322.2
1342,14:08:55,68,92.3,322.2
1343,14:08:56,67.9,92.3,322.3
1344,14:08:57,67.9,92.3,322.4
1345,14:08:58,69.1,92.3,322.6
1346,14:08:59,72.3,92.3,322.6
1347,14:09:00,68,92.3,323.2
1348,14:09:01,68,92.3,323.3
1349,14:09:02,68,92.3,323.3
1358,14:09:11,69.8,94.7,342
1359,14:09:12,69.7,94.7,342.5
1360,14:09:13,69.7,94.7,321.7
1361,14:09:14,69.8,94.7,321.8
1362,14:09:15,69.7,94.7,321.8
1363,14:09:16,69.7,94.7,321.9
1364,14:09:17,69.8,94.7,322
1365,14:09:18,69.8,94.7,322
1366,14:09:19,69.9,94.7,322.2
1367,14:09:20,69.8,94.7,322.2
1368,14:09:21,69.8,94.7,322.2
1369,14:09:22,69.8,94.7,322.1
1370,14:09:23,69.7,94.7,322.1
1371,14:09:24,69.7,94.7,322.1
1372,14:09:25,69.8,94.7,322.2
1373,14:09:26,69.7,94.7,322.2
1374,14:09:27,69.9,94.7,322.2
1375,14:09:29,69.9,94.7,322.3
1376,14:09:30,69.9,94.7,322.5
1377,14:09:31,69.8,94.7,322.6
1378,14:09:32,69.7,94.7,322.7
1379,14:09:33,69.7,94.7,322.7
1380,14:09:34,69.9,94.7,322.8
1381,14:09:35,69.9,94.7,322.9
1382,14:09:36,69.8,94.7,323
1383,14:09:37,69.7,94.7,323.3
1384,14:09:38,69.7,94.7,323.4
1429,14:10:23,73.3,95.2,337.1
1394,14:09:48,71.6,96.1,327.2
1395,14:09:49,71.6,97.1,351.8
1396,14:09:50,71.5,97.1,323.5
1397,14:09:51,71.5,97.1,323.4
1398,14:09:52,71.5,97.1,323.2
1399,14:09:53,71.6,97.1,323.3
1400,14:09:54,71.6,97.1,323.4
1401,14:09:55,71.5,97.1,323.5
1402,14:09:56,71.5,97.1,323.5
1403,14:09:57,71.6,97.1,323.5
1404,14:09:58,71.6,97.1,323.5
1405,14:09:59,71.6,97.1,323.5
1406,14:10:00,71.6,97.1,323.5
1407,14:10:01,71.7,97.1,323.4
1408,14:10:02,71.6,97.1,323.5
1409,14:10:03,71.6,97.1,323.5
1410,14:10:04,71.5,97.1,323.4
1411,14:10:05,71.6,97.1,323.2
1412,14:10:06,71.6,97.1,323.2
1413,14:10:07,71.5,97.1,323
1414,14:10:08,71.9,97.1,322.9
1415,14:10:09,71.6,97.1,322.9
1416,14:10:10,71.6,97.1,322.9
1417,14:10:11,71.6,97.1,322.9
1418,14:10:12,71.6,97.1,322.8
1419,14:10:13,71.5,97.1,322.8
1420,14:10:14,71.6,97.1,322.8
1421,14:10:15,71.5,97.1,322.8
1465,14:10:59,75.2,97.8,337.4
1482,14:11:55,77.8,99.2,327.4
1430,14:10:24,74.2,99.4,354.8
1431,14:10:25,73.4,99.4,329.2
1432,14:10:26,73.4,99.5,328.9
1433,14:10:27,73.6,99.5,328.6
1434,14:10:28,73.4,99.5,328.6
1435,14:10:29,73.4,99.5,333.7
1436,14:10:30,73.5,99.5,333.7
1437,14:10:31,73.4,99.5,333.3
1438,14:10:32,73.4,99.5,332.7
1439,14:10:33,73.4,99.5,327.2
1440,14:10:34,73.3,99.5,327
1441,14:10:35,73.5,99.5,327.1
1442,14:10:36,73.4,99.5,327.1
1443,14:10:37,74.2,99.5,327.3
1444,14:10:38,73.8,99.5,327.2
1445,14:10:39,73.4,99.5,327.2
1446,14:10:40,73.4,99.5,327.1
1447,14:10:41,73.4,99.5,327
1448,14:10:42,73.4,99.5,326.9
1449,14:10:43,73.3,99.5,326.8
1450,14:10:44,73.3,99.5,326.6
1451,14:10:45,73.5,99.5,326.4
1452,14:10:46,73.4,99.5,326.2
1453,14:10:47,73.4,99.5,326.1
1454,14:10:48,73.3,99.5,325.9
1455,14:10:49,73.3,99.5,325.7
1456,14:10:50,73.4,99.5,325.6
1467,14:11:15,36,99.9,295.2
1466,14:11:00,54.3,100,356.7
1475,14:11:35,47.8,100,358.5
1476,14:11:45,35.5,100,283.8
1483,14:11:56,7,100,359.5