,timestamp,cpu usage,memory usage
0,12:48:58,0,1.4
1,12:48:59,0.2,1.4
2,12:49:00,0.1,1.4
3,12:49:01,0.1,1.4
4,12:49:02,0.5,1.4
5,12:49:03,0.1,1.4
6,12:49:04,0.1,1.4
7,12:49:05,0.1,1.4
8,12:49:06,0.1,1.4
9,12:49:07,0.1,1.4
10,12:49:08,0.1,1.4
11,12:49:09,0.1,1.4
12,12:49:10,0.2,1.4
13,12:49:11,0.1,1.4
14,12:49:12,0.1,1.4
15,12:49:13,0.1,1.4
16,12:49:14,0.3,1.4
17,12:49:15,0.1,1.4
18,12:49:16,0.1,1.4
19,12:49:17,1.3,1.4
20,12:49:18,1.8,1.4
21,12:49:19,1.9,1.4
22,12:49:20,1.8,1.4
23,12:49:21,1.8,1.4
24,12:49:22,1.9,1.4
25,12:49:23,1.9,1.4
26,12:49:24,1.9,1.4
27,12:49:25,1.8,1.4
28,12:49:26,1.9,1.4
29,12:49:27,1.8,1.4
30,12:49:28,1.9,1.4
31,12:49:29,1.9,1.4
32,12:49:30,2.3,1.4
33,12:49:31,1.8,1.4
34,12:49:32,1.9,1.4
35,12:49:33,1.8,1.4
36,12:49:34,1.9,1.4
37,12:49:35,1.9,1.4
38,12:49:36,1.9,1.4
39,12:49:37,1.8,1.4
40,12:49:38,1.9,1.4
41,12:49:39,1.8,1.4
42,12:49:40,1.9,1.4
43,12:49:41,1.9,1.4
44,12:49:42,2.1,1.4
45,12:49:43,1.8,1.4
46,12:49:44,1.9,1.4
47,12:49:45,1.8,1.4
48,12:49:46,1.8,1.4
49,12:49:47,0.5,1.4
50,12:49:48,0.1,1.4
51,12:49:49,0.4,1.4
52,12:49:50,0.1,1.4
53,12:49:51,0.1,1.4
54,12:49:52,3.2,1.4
55,12:49:53,3.8,1.4
56,12:49:54,3.6,1.4
57,12:49:55,3.8,1.4
58,12:49:56,3.6,1.4
59,12:49:57,3.6,1.4
60,12:49:58,3.7,1.4
61,12:49:59,3.6,1.4
62,12:50:00,3.6,1.4
63,12:50:01,3.6,1.4
64,12:50:02,3.6,1.4
65,12:50:03,3.7,1.4
66,12:50:04,3.6,1.4
67,12:50:05,3.6,1.4
68,12:50:06,3.7,1.4
69,12:50:07,3.7,1.4
70,12:50:08,3.6,1.4
71,12:50:09,3.7,1.4
72,12:50:10,3.7,1.4
73,12:50:11,3.6,1.4
74,12:50:12,3.6,1.4
75,12:50:13,3.6,1.4
76,12:50:14,3.6,1.4
77,12:50:15,3.6,1.4
78,12:50:16,3.6,1.4
79,12:50:17,3.7,1.4
80,12:50:18,3.6,1.4
81,12:50:19,3.9,1.4
82,12:50:20,5.7,1.4
83,12:50:21,6.2,1.5
84,12:50:22,0.7,1.5
85,12:50:23,0.1,1.5
86,12:50:24,0.1,1.5
87,12:50:25,0,1.5
88,12:50:26,0.2,1.5
89,12:50:27,0.4,1.5
90,12:50:28,0.2,1.5
91,12:50:29,0.3,1.5
92,12:50:30,0.1,1.5
93,12:50:31,2.5,1.5
94,12:50:32,5.7,1.5
95,12:50:33,6.2,1.5
96,12:50:34,5.4,1.5
97,12:50:35,5.4,1.5
98,12:50:36,5.4,1.5
99,12:50:37,5.4,1.5
100,12:50:38,5.4,1.5
101,12:50:39,5.4,1.5
102,12:50:40,5.4,1.5
103,12:50:41,5.4,1.5
104,12:50:42,5.7,1.5
105,12:50:43,5.4,1.5
106,12:50:44,5.4,1.5
107,12:50:45,5.5,1.5
108,12:50:46,5.5,1.5
109,12:50:47,5.5,1.5
110,12:50:48,5.4,1.5
111,12:50:49,5.8,1.5
112,12:50:50,5.4,1.5
113,12:50:51,5.5,1.5
114,12:50:52,5.4,1.5
115,12:50:53,5.4,1.5
116,12:50:54,5.4,1.5
117,12:50:55,5.5,1.5
118,12:50:56,5.4,1.5
119,12:50:57,5.6,1.5
120,12:50:58,5.4,1.5
121,12:50:59,5.4,1.5
122,12:51:00,5.4,1.5
123,12:51:01,2.9,1.5
124,12:51:02,0.1,1.5
125,12:51:03,0.1,1.5
126,12:51:04,0.1,1.5
127,12:51:05,0.1,1.5
128,12:51:06,0.1,1.5
129,12:51:07,6.6,1.5
130,12:51:08,7.4,1.5
131,12:51:09,7.2,1.5
132,12:51:10,7.3,1.5
133,12:51:11,7.2,1.5
134,12:51:12,7.2,1.5
135,12:51:13,7.2,1.5
136,12:51:14,7.3,1.5
137,12:51:15,7.2,1.5
138,12:51:16,7.2,1.5
139,12:51:17,7.2,1.5
140,12:51:18,7.4,1.5
141,12:51:19,7.5,1.5
142,12:51:20,7.2,1.5
143,12:51:21,7.3,1.5
144,12:51:22,7.2,1.5
145,12:51:23,7.5,1.5
146,12:51:24,7.2,1.5
147,12:51:25,7.2,1.5
148,12:51:26,7.2,1.5
149,12:51:27,7.2,1.5
150,12:51:28,7.3,1.5
151,12:51:29,7.2,1.5
152,12:51:30,7.2,1.5
153,12:51:31,7.5,1.5
154,12:51:32,7.4,1.5
155,12:51:33,7.3,1.5
156,12:51:34,7.3,1.5
157,12:51:35,7.3,1.5
158,12:51:36,7.5,1.5
159,12:51:37,0.1,1.5
160,12:51:38,0,1.5
161,12:51:39,0.1,1.5
162,12:51:40,0.1,1.5
163,12:51:41,4.3,1.5
164,12:51:42,9,1.5
165,12:51:43,9,1.5
166,12:51:44,9,1.5
167,12:51:45,9,1.5
168,12:51:46,9.3,1.5
169,12:51:47,9,1.5
170,12:51:48,9,1.5
171,12:51:49,9.3,1.5
172,12:51:50,9.1,1.5
173,12:51:51,9.2,1.5
174,12:51:52,9,1.5
175,12:51:53,9,1.5
176,12:51:54,9,1.5
177,12:51:55,9,1.5
178,12:51:56,8.9,1.5
179,12:51:57,9,1.5
180,12:51:58,9.1,1.5
181,12:51:59,9,1.5
182,12:52:00,9,1.5
183,12:52:01,9,1.5
184,12:52:02,9,1.5
185,12:52:03,9,1.5
186,12:52:04,9.2,1.5
187,12:52:05,9,1.5
188,12:52:06,8.9,1.5
189,12:52:07,9,1.5
190,12:52:08,9,1.5
191,12:52:09,9,1.5
192,12:52:10,9,1.5
193,12:52:11,4.1,1.5
194,12:52:12,0.1,1.5
195,12:52:13,0.1,1.5
196,12:52:14,0.1,1.5
197,12:52:15,0.1,1.5
198,12:52:16,0.9,1.5
199,12:52:17,10.8,1.5
200,12:52:18,11.2,1.5
201,12:52:19,11.1,1.5
202,12:52:20,10.9,1.5
203,12:52:21,10.8,1.5
204,12:52:22,10.8,1.5
205,12:52:23,10.8,1.5
206,12:52:24,10.8,1.5
207,12:52:25,10.8,1.5
208,12:52:26,10.8,1.5
209,12:52:27,10.8,1.5
210,12:52:28,10.8,1.5
211,12:52:29,10.8,1.5
212,12:52:30,11.1,1.5
213,12:52:31,15,1.5
214,12:52:32,10.9,1.5
215,12:52:33,11,1.5
216,12:52:34,10.8,1.5
217,12:52:35,10.8,1.5
218,12:52:36,10.8,1.5
219,12:52:37,10.8,1.5
220,12:52:38,10.8,1.5
221,12:52:39,10.8,1.5
222,12:52:40,10.8,1.5
223,12:52:41,10.8,1.5
224,12:52:42,10.9,1.5
225,12:52:43,10.9,1.5
226,12:52:44,11.1,1.5
227,12:52:45,10.9,1.5
228,12:52:46,9.4,1.5
229,12:52:47,0.1,1.5
230,12:52:48,0.1,1.5
231,12:52:49,0.1,1.5
232,12:52:50,0.1,1.5
233,12:52:51,11.6,1.5
234,12:52:52,12.6,1.5
235,12:52:53,12.6,1.5
236,12:52:54,12.6,1.5
237,12:52:55,12.6,1.5
238,12:52:56,12.5,1.5
239,12:52:57,12.6,1.5
240,12:52:58,12.6,1.5
241,12:52:59,12.6,1.5
242,12:53:00,12.6,1.5
243,12:53:01,12.6,1.5
244,12:53:02,12.7,1.5
245,12:53:03,12.6,1.5
246,12:53:04,12.6,1.5
247,12:53:05,12.6,1.5
248,12:53:06,12.6,1.5
249,12:53:07,12.6,1.5
250,12:53:08,12.6,1.5
251,12:53:09,12.6,1.5
252,12:53:10,12.5,1.5
253,12:53:11,12.6,1.5
254,12:53:12,12.5,1.5
255,12:53:13,12.6,1.5
256,12:53:14,12.6,1.5
257,12:53:15,12.8,1.5
258,12:53:16,12.6,1.5
259,12:53:17,12.6,1.5
260,12:53:18,12.6,1.5
261,12:53:19,12.5,1.5
262,12:53:20,12.6,1.5
263,12:53:21,0.1,1.5
264,12:53:22,0.1,1.5
265,12:53:23,0.1,1.5
266,12:53:24,0.1,1.5
267,12:53:25,4.2,1.5
268,12:53:26,14.4,1.5
269,12:53:27,14.3,1.5
270,12:53:28,14.7,1.5
271,12:53:29,14.6,1.5
272,12:53:30,14.4,1.4
273,12:53:31,14.5,1.5
274,12:53:32,14.4,1.5
275,12:53:33,14.3,1.5
276,12:53:34,14.5,1.5
277,12:53:35,14.4,1.5
278,12:53:36,14.3,1.4
279,12:53:37,14.4,1.4
280,12:53:38,14.4,1.4
281,12:53:39,14.4,1.4
282,12:53:40,14.5,1.4
283,12:53:41,14.4,1.4
284,12:53:42,14.3,1.4
285,12:53:43,14.4,1.4
286,12:53:44,14.3,1.4
287,12:53:45,14.4,1.4
288,12:53:46,14.3,1.4
289,12:53:47,14.4,1.4
290,12:53:48,14.3,1.4
291,12:53:49,14.8,1.5
292,12:53:50,14.4,1.5
293,12:53:51,14.3,1.5
294,12:53:52,14.4,1.5
295,12:53:53,14.3,1.5
296,12:53:54,14.4,1.5
297,12:53:55,9.4,1.5
298,12:53:56,0.1,1.5
299,12:53:57,0,1.5
300,12:53:58,0.4,1.5
301,12:53:59,0.1,1.5
302,12:54:00,15.2,1.5
303,12:54:01,16.2,1.5
304,12:54:02,16.1,1.5
305,12:54:03,16.2,1.5
306,12:54:04,16.1,1.5
307,12:54:05,16.1,1.5
308,12:54:06,16.2,1.5
309,12:54:07,16.3,1.5
310,12:54:08,16.2,1.5
311,12:54:09,16.1,1.5
312,12:54:10,16.2,1.5
313,12:54:11,16.1,1.5
314,12:54:12,16.1,1.5
315,12:54:13,16.2,1.5
316,12:54:14,16.2,1.5
317,12:54:15,16.2,1.5
318,12:54:16,16.1,1.5
319,12:54:17,16.1,1.5
320,12:54:18,16.1,1.5
321,12:54:19,16.5,1.5
322,12:54:20,16.2,1.5
323,12:54:22,16.3,1.5
324,12:54:23,16.2,1.5
325,12:54:24,16.1,1.5
326,12:54:25,16.1,1.5
327,12:54:26,16.2,1.5
328,12:54:27,16.1,1.5
329,12:54:28,16.3,1.5
330,12:54:29,15.9,1.5
331,12:54:30,0.2,1.5
332,12:54:31,0.1,1.5
333,12:54:32,0.1,1.5
334,12:54:33,0.1,1.5
335,12:54:34,0,1.5
336,12:54:35,2.6,1.5
337,12:54:36,17.9,1.5
338,12:54:37,17.9,1.5
339,12:54:38,17.9,1.5
340,12:54:39,18,1.5
341,12:54:40,17.9,1.5
342,12:54:41,18,1.5
343,12:54:42,18.1,1.5
344,12:54:43,22.1,1.5
345,12:54:44,17.9,1.5
346,12:54:45,18,1.5
347,12:54:46,17.9,1.5
348,12:54:47,18,1.5
349,12:54:48,17.9,1.5
350,12:54:49,17.9,1.5
351,12:54:50,18.2,1.5
352,12:54:51,18,1.5
353,12:54:52,18,1.5
354,12:54:53,18.2,1.5
355,12:54:54,18,1.5
356,12:54:55,17.9,1.5
357,12:54:56,18,1.5
358,12:54:57,17.9,1.5
359,12:54:58,18,1.5
360,12:54:59,17.9,1.5
361,12:55:00,17.9,1.5
362,12:55:01,17.9,1.5
363,12:55:02,17.9,1.5
364,12:55:03,18,1.5
365,12:55:04,17.9,1.5
366,12:55:05,14.9,1.5
367,12:55:06,0.1,1.5
368,12:55:07,0.1,1.5
369,12:55:08,0.1,1.5
370,12:55:09,0.1,1.5
371,12:55:10,0.1,1.5
372,12:55:11,0.9,1.5
373,12:55:12,19.7,1.5
374,12:55:13,19.9,1.5
375,12:55:14,19.8,1.5
376,12:55:15,19.7,1.5
377,12:55:16,19.7,1.5
378,12:55:17,19.7,1.5
379,12:55:18,19.7,1.5
380,12:55:19,19.7,1.5
381,12:55:20,20.1,1.5
382,12:55:21,19.7,1.5
383,12:55:22,19.7,1.5
384,12:55:23,19.7,1.5
385,12:55:24,19.8,1.5
386,12:55:25,19.7,1.5
387,12:55:26,19.7,1.5
388,12:55:27,19.7,1.5
389,12:55:28,19.8,1.5
390,12:55:29,20,1.5
391,12:55:30,19.7,1.5
392,12:55:31,19.7,1.5
393,12:55:32,19.8,1.5
394,12:55:33,20.3,1.5
395,12:55:34,19.8,1.5
396,12:55:35,19.7,1.5
397,12:55:36,19.8,1.5
398,12:55:37,19.7,1.5
399,12:55:38,19.8,1.5
400,12:55:39,19.8,1.5
401,12:55:40,19.7,1.5
402,12:55:41,17.4,1.5
403,12:55:42,0.1,1.5
404,12:55:43,0.1,1.5
405,12:55:44,0.1,1.5
406,12:55:45,0.1,1.5
407,12:55:46,0,1.5
408,12:55:47,20.8,1.5
409,12:55:48,21.4,1.5
410,12:55:49,21.6,1.5
411,12:55:50,21.8,1.5
412,12:55:51,21.6,1.5
413,12:55:52,21.4,1.5
414,12:55:53,21.5,1.5
415,12:55:54,21.5,1.5
416,12:55:55,21.9,1.5
417,12:55:56,21.5,1.5
418,12:55:57,21.4,1.5
419,12:55:58,21.5,1.5
420,12:55:59,21.5,1.5
421,12:56:00,21.5,1.5
422,12:56:01,21.5,1.5
423,12:56:02,21.5,1.5
424,12:56:03,21.6,1.5
425,12:56:04,21.4,1.5
426,12:56:05,21.7,1.5
427,12:56:06,21.6,1.5
428,12:56:07,21.5,1.5
429,12:56:08,21.6,1.5
430,12:56:09,21.7,1.5
431,12:56:10,21.6,1.5
432,12:56:11,21.5,1.5
433,12:56:12,21.5,1.5
434,12:56:13,21.5,1.5
435,12:56:14,21.5,1.5
436,12:56:15,21.6,1.5
437,12:56:16,20.5,1.5
438,12:56:17,0.1,1.5
439,12:56:18,0.1,1.5
440,12:56:19,0.1,1.5
441,12:56:20,0.1,1.4
442,12:56:21,12.7,1.5
443,12:56:22,23.4,1.5
444,12:56:23,23.5,1.5
445,12:56:24,23.4,1.5
446,12:56:25,23.4,1.5
447,12:56:26,23.4,1.5
448,12:56:27,23.4,1.5
449,12:56:28,23.3,1.5
450,12:56:29,23.4,1.5
451,12:56:30,23.4,1.5
452,12:56:31,23.4,1.5
453,12:56:32,23.3,1.5
454,12:56:33,23.4,1.5
455,12:56:34,23.2,1.5
456,12:56:35,23.4,1.5
457,12:56:36,23.3,1.5
458,12:56:37,23.3,1.5
459,12:56:38,23.4,1.5
460,12:56:39,23.2,1.5
461,12:56:40,23.3,1.5
462,12:56:41,23.2,1.5
463,12:56:42,23.3,1.5
464,12:56:43,23.4,1.5
465,12:56:44,23.2,1.5
466,12:56:45,23.3,1.5
467,12:56:46,23.3,1.5
468,12:56:47,23.3,1.5
469,12:56:48,23.4,1.5
470,12:56:49,23.3,1.5
471,12:56:50,23.6,1.5
472,12:56:51,9.2,1.4
473,12:56:52,0.1,1.4
474,12:56:53,0.3,1.5
475,12:56:54,5,1.5
476,12:56:55,2.4,1.5
477,12:56:56,25,1.5
478,12:56:57,25.1,1.5
479,12:56:58,25,1.5
480,12:56:59,25.1,1.5
481,12:57:00,25,1.5
482,12:57:01,25,1.5
483,12:57:02,25.1,1.5
484,12:57:03,25,1.5
485,12:57:04,25.1,1.5
486,12:57:05,25.2,1.5
487,12:57:06,25.2,1.5
488,12:57:07,25.1,1.5
489,12:57:08,25,1.5
490,12:57:09,25.1,1.5
491,12:57:10,25,1.5
492,12:57:11,25.1,1.5
493,12:57:12,25,1.5
494,12:57:13,25,1.5
495,12:57:14,25.1,1.5
496,12:57:15,25,1.5
497,12:57:16,25.1,1.5
498,12:57:17,25.1,1.5
499,12:57:18,25.1,1.5
500,12:57:19,25,1.5
501,12:57:20,25.1,1.5
502,12:57:21,25.2,1.5
503,12:57:22,25.1,1.5
504,12:57:23,25.1,1.5
505,12:57:24,25,1.5
506,12:57:25,20.6,1.5
507,12:57:26,0,1.5
508,12:57:27,0.1,1.5
509,12:57:28,0.1,1.5
510,12:57:29,8.7,1.5
511,12:57:30,27,1.5
512,12:57:31,26.8,1.5
513,12:57:32,27.1,1.5
514,12:57:33,26.9,1.5
515,12:57:34,26.8,1.5
516,12:57:35,27.1,1.5
517,12:57:36,26.8,1.5
518,12:57:37,26.9,1.5
519,12:57:38,26.9,1.5
520,12:57:39,26.8,1.5
521,12:57:40,26.9,1.5
522,12:57:41,26.9,1.5
523,12:57:42,26.9,1.5
524,12:57:43,26.8,1.5
525,12:57:44,26.9,1.5
526,12:57:45,26.9,1.5
527,12:57:46,26.8,1.5
528,12:57:47,26.9,1.5
529,12:57:48,26.9,1.5
530,12:57:49,26.8,1.5
531,12:57:50,27.3,1.5
532,12:57:51,26.9,1.5
533,12:57:52,26.9,1.5
534,12:57:53,26.9,1.5
535,12:57:54,26.9,1.5
536,12:57:55,26.9,1.5
537,12:57:56,26.8,1.5
538,12:57:57,26.9,1.5
539,12:57:58,26.9,1.5
540,12:57:59,15.8,1.5
541,12:58:00,0.3,1.5
542,12:58:01,0.1,1.5
543,12:58:02,0.3,1.5
544,12:58:03,7.2,1.5
545,12:58:04,28.6,1.5
546,12:58:05,28.7,1.5
547,12:58:06,28.6,1.5
548,12:58:07,28.7,1.5
549,12:58:08,28.6,1.5
550,12:58:09,28.7,1.5
551,12:58:10,28.6,1.5
552,12:58:11,28.6,1.5
553,12:58:12,28.7,1.5
554,12:58:13,28.6,1.5
555,12:58:14,28.7,1.5
556,12:58:15,28.7,1.5
557,12:58:16,28.6,1.5
558,12:58:17,28.7,1.5
559,12:58:18,28.6,1.5
560,12:58:19,28.6,1.5
561,12:58:20,28.8,1.5
562,12:58:21,28.8,1.5
563,12:58:22,28.7,1.5
564,12:58:23,28.6,1.5
565,12:58:24,28.7,1.5
566,12:58:25,28.6,1.5
567,12:58:26,28.6,1.5
568,12:58:27,28.9,1.5
569,12:58:28,28.7,1.5
570,12:58:29,28.8,1.5
571,12:58:30,28.8,1.5
572,12:58:31,28.6,1.5
573,12:58:32,28.7,1.5
574,12:58:33,18.9,1.5
575,12:58:34,0.1,1.5
576,12:58:35,0.1,1.5
577,12:58:36,0.1,1.5
578,12:58:37,0.1,1.5
579,12:58:38,15.5,1.5
580,12:58:39,30.7,1.5
581,12:58:40,30.4,1.5
582,12:58:41,30.5,1.5
583,12:58:42,30.4,1.5
584,12:58:43,30.5,1.5
585,12:58:44,30.5,1.5
586,12:58:45,30.6,1.5
587,12:58:46,30.4,1.5
588,12:58:47,30.5,1.5
589,12:58:48,30.4,1.5
590,12:58:49,30.4,1.5
591,12:58:50,30.4,1.5
592,12:58:51,30.7,1.5
593,12:58:52,30.4,1.5
594,12:58:53,30.5,1.5
595,12:58:54,30.7,1.5
596,12:58:55,30.4,1.5
597,12:58:56,30.6,1.5
598,12:58:57,30.5,1.5
599,12:58:58,30.6,1.5
600,12:58:59,30.5,1.5
601,12:59:00,30.6,1.5
602,12:59:01,30.6,1.5
603,12:59:02,30.4,1.5
604,12:59:03,30.5,1.5
605,12:59:04,31.9,1.4
606,12:59:05,33.3,1.5
607,12:59:06,30.5,1.5
608,12:59:07,30.5,1.5
609,12:59:08,12.4,1.5
610,12:59:09,0.1,1.5
611,12:59:10,0.1,1.5
612,12:59:11,0.1,1.5
613,12:59:12,12.4,1.5
614,12:59:13,32.2,1.5
615,12:59:14,32.3,1.5
616,12:59:15,32.2,1.5
617,12:59:16,32.2,1.5
618,12:59:17,32.3,1.5
619,12:59:18,32.2,1.5
620,12:59:19,32.2,1.5
621,12:59:20,32.2,1.5
622,12:59:21,32.6,1.5
623,12:59:22,32.2,1.5
624,12:59:23,32.3,1.5
625,12:59:24,32.2,1.5
626,12:59:25,32.3,1.5
627,12:59:26,32.3,1.5
628,12:59:27,32.3,1.5
629,12:59:28,32.3,1.5
630,12:59:29,32.4,1.5
631,12:59:30,32.3,1.5
632,12:59:31,32.3,1.5
633,12:59:32,32.3,1.5
634,12:59:33,32.3,1.5
635,12:59:34,32.3,1.5
636,12:59:35,32.3,1.5
637,12:59:36,32.2,1.5
638,12:59:37,32.3,1.5
639,12:59:38,32.2,1.5
640,12:59:39,32.3,1.5
641,12:59:40,32.4,1.5
642,12:59:41,32.2,1.5
643,12:59:42,17.1,1.5
644,12:59:43,0.1,1.5
645,12:59:44,0.3,1.5
646,12:59:45,0.1,1.5
647,12:59:46,0.1,1.5
648,12:59:47,0.1,1.5
649,12:59:48,0.1,1.5
650,12:59:49,8.3,1.5
651,12:59:50,34.1,1.5
652,12:59:51,34.5,1.5
653,12:59:52,34,1.5
654,12:59:53,34.1,1.5
655,12:59:54,34,1.5
656,12:59:55,34,1.5
657,12:59:56,34,1.5
658,12:59:57,34.1,1.5
659,12:59:58,34,1.5
660,12:59:59,34.1,1.5
661,13:00:00,34,1.5
662,13:00:01,34.1,1.5
663,13:00:02,34,1.5
664,13:00:03,34.1,1.5
665,13:00:04,34.1,1.5
666,13:00:05,34.1,1.5
667,13:00:06,34,1.5
668,13:00:07,34.1,1.5
669,13:00:08,34,1.5
670,13:00:09,34,1.5
671,13:00:10,34,1.5
672,13:00:11,34,1.5
673,13:00:12,34.1,1.5
674,13:00:13,33.9,1.5
675,13:00:14,34.4,1.5
676,13:00:15,34,1.5
677,13:00:16,34.1,1.5
678,13:00:17,34.1,1.5
679,13:00:18,34,1.5
680,13:00:19,22.9,1.5
681,13:00:20,0.1,1.5
682,13:00:21,0.4,1.5
683,13:00:22,0.1,1.5
684,13:00:23,0.1,1.5
685,13:00:24,0.1,1.5
686,13:00:25,19.5,1.5
687,13:00:26,35.7,1.5
688,13:00:27,35.8,1.5
689,13:00:28,36,1.5
690,13:00:29,36,1.5
691,13:00:30,35.8,1.5
692,13:00:31,35.8,1.5
693,13:00:32,35.8,1.5
694,13:00:33,36.2,1.5
695,13:00:34,35.8,1.5
696,13:00:35,35.7,1.5
697,13:00:36,35.8,1.5
698,13:00:37,35.8,1.5
699,13:00:38,35.9,1.5
700,13:00:39,35.7,1.5
701,13:00:40,35.7,1.5
702,13:00:41,35.8,1.5
703,13:00:42,35.8,1.5
704,13:00:43,35.9,1.5
705,13:00:44,35.7,1.5
706,13:00:45,35.9,1.5
707,13:00:46,35.7,1.5
708,13:00:47,35.7,1.5
709,13:00:48,35.8,1.5
710,13:00:49,35.8,1.5
711,13:00:50,35.9,1.5
712,13:00:51,35.9,1.5
713,13:00:52,35.7,1.5
714,13:00:53,35.8,1.5
715,13:00:54,35.7,1.5
716,13:00:55,12.9,1.5
717,13:00:56,0.1,1.5
718,13:00:57,0.1,1.5
719,13:00:58,0.1,1.5
720,13:00:59,1.8,1.5
721,13:01:00,37.6,1.5
722,13:01:01,37.6,1.5
723,13:01:02,37.7,1.5
724,13:01:03,37.6,1.5
725,13:01:04,37.8,1.5
726,13:01:05,37.8,1.5
727,13:01:06,37.6,1.5
728,13:01:07,37.7,1.5
729,13:01:08,37.6,1.5
730,13:01:09,37.7,1.5
731,13:01:10,37.6,1.5
732,13:01:11,37.6,1.5
733,13:01:12,37.7,1.5
734,13:01:13,37.6,1.5
735,13:01:14,37.7,1.5
736,13:01:15,40.1,1.5
737,13:01:16,38.8,1.5
738,13:01:17,37.5,1.5
739,13:01:18,37.7,1.5
740,13:01:19,37.6,1.5
741,13:01:20,37.8,1.5
742,13:01:21,37.6,1.5
743,13:01:22,37.7,1.5
744,13:01:23,37.6,1.5
745,13:01:24,37.6,1.5
746,13:01:25,37.6,1.5
747,13:01:26,37.6,1.5
748,13:01:27,37.6,1.5
749,13:01:28,37.7,1.5
750,13:01:29,32.3,1.5
751,13:01:30,0.1,1.5
752,13:01:31,0.1,1.5
753,13:01:32,0.2,1.5
754,13:01:33,0.1,1.5
755,13:01:34,0.4,1.5
756,13:01:35,23.1,1.5
757,13:01:36,39.3,1.5
758,13:01:37,39.3,1.5
759,13:01:38,39.5,1.5
760,13:01:39,39.4,1.5
761,13:01:40,39.4,1.5
762,13:01:41,39.4,1.5
763,13:01:42,39.5,1.5
764,13:01:43,39.4,1.5
765,13:01:44,39.5,1.5
766,13:01:45,39.3,1.5
767,13:01:46,39.5,1.5
768,13:01:47,39.5,1.5
769,13:01:48,39.4,1.5
770,13:01:49,39.3,1.5
771,13:01:50,39.4,1.5
772,13:01:51,39.7,1.5
773,13:01:52,39.5,1.5
774,13:01:53,39.4,1.5
775,13:01:54,39.5,1.5
776,13:01:56,39.4,1.5
777,13:01:57,39.4,1.5
778,13:01:58,39.4,1.5
779,13:01:59,39.4,1.5
780,13:02:00,39.5,1.5
781,13:02:01,39.4,1.5
782,13:02:02,39.5,1.5
783,13:02:03,39.4,1.5
784,13:02:04,39.4,1.5
785,13:02:05,39.4,1.5
786,13:02:06,12.6,1.5
787,13:02:07,0.1,1.5
788,13:02:08,0.1,1.5
789,13:02:09,0,1.5
790,13:02:10,0.1,1.5
791,13:02:11,25.4,1.5
792,13:02:12,41.1,1.5
793,13:02:13,41.1,1.5
794,13:02:14,41.4,1.5
795,13:02:15,41.1,1.5
796,13:02:16,41.2,1.5
797,13:02:17,41.2,1.5
798,13:02:18,41.1,1.5
799,13:02:19,41.2,1.5
800,13:02:20,41.1,1.5
801,13:02:21,41.3,1.5
802,13:02:22,41.5,1.5
803,13:02:23,41.2,1.5
804,13:02:24,41.1,1.5
805,13:02:25,41.2,1.5
806,13:02:26,41.1,1.5
807,13:02:27,41.2,1.5
808,13:02:28,41.1,1.5
809,13:02:29,41.3,1.5
810,13:02:30,41.2,1.5
811,13:02:31,41.1,1.5
812,13:02:32,41.1,1.5
813,13:02:33,41.2,1.5
814,13:02:34,41.2,1.5
815,13:02:35,41.2,1.5
816,13:02:36,41.2,1.5
817,13:02:37,41.1,1.5
818,13:02:38,41.3,1.5
819,13:02:39,41.1,1.5
820,13:02:40,41.3,1.5
821,13:02:41,12.2,1.5
822,13:02:42,0.1,1.5
823,13:02:43,0.1,1.5
824,13:02:44,0.1,1.5
825,13:02:45,0.1,1.5
826,13:02:46,0.1,1.5
827,13:02:47,11.5,1.5
828,13:02:48,43,1.5
829,13:02:49,42.9,1.5
830,13:02:50,42.9,1.5
831,13:02:51,42.9,1.5
832,13:02:52,43.2,1.5
833,13:02:53,42.9,1.5
834,13:02:54,43,1.5
835,13:02:55,42.9,1.5
836,13:02:56,43,1.5
837,13:02:57,42.9,1.5
838,13:02:58,43,1.5
839,13:02:59,42.9,1.5
840,13:03:00,43,1.5
841,13:03:01,42.9,1.5
842,13:03:02,43,1.5
843,13:03:03,43,1.5
844,13:03:04,43,1.5
845,13:03:05,43,1.5
846,13:03:06,42.9,1.5
847,13:03:07,43,1.5
848,13:03:08,42.9,1.5
849,13:03:09,42.9,1.5
850,13:03:10,43,1.5
851,13:03:11,42.9,1.5
852,13:03:12,43,1.5
853,13:03:13,42.9,1.5
854,13:03:14,43,1.5
855,13:03:15,42.9,1.5
856,13:03:16,43,1.5
857,13:03:17,27.5,1.5
858,13:03:18,0,1.5
859,13:03:19,0.1,1.5
860,13:03:20,0,1.5
861,13:03:21,22.5,1.5
862,13:03:22,45,1.5
863,13:03:23,44.8,1.5
864,13:03:24,44.7,1.5
865,13:03:25,44.8,1.5
866,13:03:26,44.6,1.5
867,13:03:27,48.5,1.5
868,13:03:28,44.7,1.5
869,13:03:29,44.7,1.5
870,13:03:30,44.7,1.5
871,13:03:31,44.7,1.5
872,13:03:32,44.7,1.5
873,13:03:33,44.7,1.5
874,13:03:34,44.8,1.5
875,13:03:35,44.7,1.5
876,13:03:36,44.9,1.5
877,13:03:37,44.6,1.5
878,13:03:38,44.8,1.5
879,13:03:39,44.7,1.5
880,13:03:40,44.8,1.5
881,13:03:41,44.7,1.5
882,13:03:42,44.8,1.5
883,13:03:43,44.7,1.5
884,13:03:44,44.7,1.5
885,13:03:45,44.7,1.5
886,13:03:46,44.7,1.5
887,13:03:47,44.7,1.5
888,13:03:48,44.7,1.5
889,13:03:49,44.8,1.5
890,13:03:50,44.7,1.5
891,13:03:51,18.5,1.5
892,13:03:52,0.5,1.5
893,13:03:53,0.2,1.5
894,13:03:54,0,1.5
895,13:03:55,11.9,1.5
896,13:03:56,46.5,1.5
897,13:03:57,46.5,1.5
898,13:03:58,46.6,1.5
899,13:03:59,46.4,1.5
900,13:04:00,46.6,1.5
901,13:04:01,46.5,1.5
902,13:04:02,46.6,1.5
903,13:04:03,46.5,1.5
904,13:04:04,46.4,1.5
905,13:04:05,46.6,1.5
906,13:04:06,46.4,1.5
907,13:04:07,46.5,1.5
908,13:04:08,46.4,1.5
909,13:04:09,46.6,1.5
910,13:04:10,46.4,1.5
911,13:04:11,46.6,1.5
912,13:04:12,46.4,1.5
913,13:04:13,46.6,1.5
914,13:04:14,46.5,1.5
915,13:04:15,46.6,1.5
916,13:04:16,46.5,1.5
917,13:04:17,46.5,1.5
918,13:04:18,46.5,1.5
919,13:04:19,46.5,1.5
920,13:04:20,46.4,1.5
921,13:04:21,46.4,1.5
922,13:04:22,46.9,1.5
923,13:04:23,46.4,1.5
924,13:04:24,46.5,1.5
925,13:04:25,30.2,1.5
926,13:04:26,0.1,1.5
927,13:04:27,0.2,1.5
928,13:04:28,0.1,1.5
929,13:04:29,25.5,1.5
930,13:04:30,48.3,1.5
931,13:04:31,48.3,1.5
932,13:04:32,48.3,1.5
933,13:04:33,48.5,1.5
934,13:04:34,48.2,1.5
935,13:04:35,48.3,1.5
936,13:04:36,48.2,1.5
937,13:04:37,48.3,1.5
938,13:04:38,48.2,1.5
939,13:04:39,48.3,1.5
940,13:04:40,48.2,1.5
941,13:04:41,48.3,1.5
942,13:04:42,48.2,1.5
943,13:04:43,48.3,1.5
944,13:04:44,48.2,1.5
945,13:04:45,48.4,1.5
946,13:04:46,48.3,1.5
947,13:04:47,48.3,1.5
948,13:04:48,48.2,1.5
949,13:04:49,48.2,1.5
950,13:04:50,48.2,1.5
951,13:04:51,48.2,1.5
952,13:04:52,48.2,1.5
953,13:04:53,48.2,1.5
954,13:04:54,48.3,1.5
955,13:04:55,48.2,1.5
956,13:04:56,48.3,1.5
957,13:04:57,48.3,1.5
958,13:04:58,48.3,1.5
959,13:04:59,18.2,1.5
960,13:05:00,0.4,1.5
961,13:05:01,0.1,1.5
962,13:05:02,1,1.5
963,13:05:03,49.9,1.5
964,13:05:04,50,1.5
965,13:05:05,50.1,1.5
966,13:05:06,50,1.5
967,13:05:07,50.1,1.5
968,13:05:08,50,1.5
969,13:05:09,50.1,1.5
970,13:05:10,50,1.5
971,13:05:11,50,1.5
972,13:05:12,50.1,1.5
973,13:05:13,50,1.5
974,13:05:14,50,1.5
975,13:05:15,50,1.5
976,13:05:16,50.1,1.5
977,13:05:17,50,1.5
978,13:05:18,50.1,1.5
979,13:05:19,50,1.5
980,13:05:20,50.1,1.5
981,13:05:21,50,1.5
982,13:05:22,50.1,1.5
983,13:05:23,50,1.5
984,13:05:24,50.1,1.5
985,13:05:25,50,1.5
986,13:05:26,50,1.5
987,13:05:27,50.2,1.5
988,13:05:28,50.1,1.5
989,13:05:29,50.1,1.5
990,13:05:30,50,1.5
991,13:05:31,50,1.5
992,13:05:32,44.4,1.5
993,13:05:33,0.7,1.5
994,13:05:34,0.1,1.5
995,13:05:35,15.6,1.5
996,13:05:36,51.9,1.5
997,13:05:37,51.8,1.5
998,13:05:38,55.8,1.5
999,13:05:39,51.8,1.5
1000,13:05:40,51.8,1.5
1001,13:05:41,51.8,1.5
1002,13:05:42,51.9,1.5
1003,13:05:43,51.8,1.5
1004,13:05:44,51.9,1.5
1005,13:05:45,51.8,1.5
1006,13:05:46,51.9,1.5
1007,13:05:47,51.8,1.5
1008,13:05:48,51.9,1.5
1009,13:05:49,51.8,1.5
1010,13:05:50,51.8,1.5
1011,13:05:51,51.8,1.5
1012,13:05:52,52.1,1.5
1013,13:05:53,51.8,1.5
1014,13:05:54,51.8,1.5
1015,13:05:55,51.8,1.5
1016,13:05:56,51.8,1.5
1017,13:05:57,51.9,1.5
1018,13:05:58,51.8,1.5
1019,13:05:59,51.9,1.5
1020,13:06:00,51.8,1.5
1021,13:06:01,51.9,1.5
1022,13:06:02,51.9,1.5
1023,13:06:03,51.9,1.5
1024,13:06:04,51.8,1.5
1025,13:06:05,31.5,1.5
1026,13:06:06,0.1,1.5
1027,13:06:07,0.1,1.5
1028,13:06:08,0.2,1.5
1029,13:06:09,29.2,1.5
1030,13:06:10,53.7,1.5
1031,13:06:11,53.6,1.5
1032,13:06:12,53.6,1.5
1033,13:06:13,53.6,1.5
1034,13:06:14,53.6,1.5
1035,13:06:15,53.6,1.5
1036,13:06:16,53.6,1.5
1037,13:06:17,53.7,1.5
1038,13:06:18,53.6,1.5
1039,13:06:19,53.7,1.5
1040,13:06:20,53.6,1.5
1041,13:06:21,53.7,1.5
1042,13:06:22,53.9,1.5
1043,13:06:23,53.7,1.5
1044,13:06:24,53.6,1.5
1045,13:06:25,53.7,1.5
1046,13:06:26,53.6,1.5
1047,13:06:27,53.7,1.5
1048,13:06:28,53.6,1.5
1049,13:06:29,53.8,1.5
1050,13:06:30,53.6,1.5
1051,13:06:31,53.6,1.5
1052,13:06:32,53.6,1.5
1053,13:06:33,53.6,1.5
1054,13:06:34,53.6,1.5
1055,13:06:35,53.7,1.5
1056,13:06:36,53.6,1.5
1057,13:06:37,53.6,1.5
1058,13:06:38,53.7,1.5
1059,13:06:39,19.1,1.5
1060,13:06:40,0,1.5
1061,13:06:41,0.3,1.5
1062,13:06:42,0.1,1.5
1063,13:06:43,38.2,1.5
1064,13:06:44,55.3,1.5
1065,13:06:45,55.5,1.5
1066,13:06:46,55.4,1.5
1067,13:06:47,55.5,1.5
1068,13:06:48,55.4,1.5
1069,13:06:49,55.5,1.5
1070,13:06:50,55.4,1.5
1071,13:06:51,55.5,1.5
1072,13:06:52,55.6,1.5
1073,13:06:53,55.5,1.5
1074,13:06:54,55.4,1.5
1075,13:06:55,55.4,1.5
1076,13:06:56,55.4,1.5
1077,13:06:57,55.4,1.5
1078,13:06:58,55.5,1.5
1079,13:06:59,55.4,1.5
1080,13:07:00,55.5,1.5
1081,13:07:01,55.4,1.5
1082,13:07:02,55.5,1.5
1083,13:07:03,55.4,1.5
1084,13:07:04,55.5,1.5
1085,13:07:05,55.4,1.5
1086,13:07:06,55.5,1.5
1087,13:07:07,55.4,1.5
1088,13:07:08,55.5,1.5
1089,13:07:09,55.4,1.5
1090,13:07:10,55.4,1.5
1091,13:07:11,55.4,1.5
1092,13:07:12,55.4,1.5
1093,13:07:13,11.5,1.5
1094,13:07:14,0.1,1.5
1095,13:07:15,0,1.5
1096,13:07:16,37,1.5
1097,13:07:17,57.1,1.5
1098,13:07:18,57.3,1.5
1099,13:07:19,57.2,1.5
1100,13:07:20,57.3,1.5
1101,13:07:21,57.2,1.5
1102,13:07:22,57.6,1.5
1103,13:07:23,57.2,1.5
1104,13:07:24,57.2,1.5
1105,13:07:25,57.2,1.5
1106,13:07:26,57.2,1.5
1107,13:07:27,57.3,1.5
1108,13:07:28,57.2,1.5
1109,13:07:29,57.3,1.5
1110,13:07:30,57.2,1.5
1111,13:07:31,57.3,1.5
1112,13:07:32,57.2,1.5
1113,13:07:33,57.2,1.5
1114,13:07:34,57.2,1.5
1115,13:07:35,57.3,1.5
1116,13:07:36,57.2,1.5
1117,13:07:37,57.2,1.5
1118,13:07:38,57.2,1.5
1119,13:07:39,57.2,1.5
1120,13:07:40,57.2,1.5
1121,13:07:41,57.2,1.5
1122,13:07:42,57.3,1.5
1123,13:07:43,57.2,1.5
1124,13:07:44,57.3,1.5
1125,13:07:45,57.2,1.5
1126,13:07:46,14.4,1.5
1127,13:07:47,0.1,1.5
1128,13:07:48,0.3,1.5
1129,13:07:49,5.2,1.5
1130,13:07:50,1.6,1.5
1131,13:07:51,1.1,1.5
1132,13:07:52,0.4,1.5
1133,13:07:53,0.1,1.5
1134,13:07:54,0.1,1.5
1135,13:07:55,0.1,1.5
1136,13:07:56,0.1,1.5
1137,13:07:57,0.1,1.5
1138,13:07:58,0,1.5
1139,13:07:59,0.1,1.5
1140,13:08:00,0.1,1.5
1141,13:08:01,0,1.5
1142,13:08:02,0.1,1.5
1143,13:08:03,0.1,1.5
1144,13:08:04,0.1,1.5
1145,13:08:05,0.6,1.5
1146,13:08:06,0.1,1.5
1147,13:08:07,0,1.5
1148,13:08:08,0.1,1.5
1149,13:08:09,0.1,1.5
1150,13:08:10,0.1,1.5
1151,13:08:11,0.1,1.5
1152,13:08:12,0.1,1.5
1153,13:08:13,42.8,1.5
1154,13:08:14,58.9,1.5
1155,13:08:15,59,1.5
1156,13:08:16,58.9,1.5
1157,13:08:17,59,1.5
1158,13:08:18,58.9,1.5
1159,13:08:19,59,1.5
1160,13:08:20,58.9,1.5
1161,13:08:21,59.1,1.5
1162,13:08:22,59.2,1.5
1163,13:08:23,59.1,1.5
1164,13:08:24,58.9,1.5
1165,13:08:25,59,1.5
1166,13:08:26,58.9,1.5
1167,13:08:27,59,1.5
1168,13:08:28,59,1.5
1169,13:08:29,59.1,1.5
1170,13:08:30,58.9,1.5
1171,13:08:31,59,1.5
1172,13:08:32,59,1.5
1173,13:08:33,59.1,1.5
1174,13:08:34,59,1.5
1175,13:08:35,59,1.5
1176,13:08:36,59,1.5
1177,13:08:37,58.9,1.5
1178,13:08:38,59,1.5
1179,13:08:39,58.9,1.5
1180,13:08:40,59,1.5
1181,13:08:41,59,1.5
1182,13:08:42,59,1.5
1183,13:08:43,10,1.5
1184,13:08:44,0.2,1.5
1185,13:08:45,0.1,1.5
1186,13:08:46,39.5,1.5
1187,13:08:47,60.8,1.5
1188,13:08:48,60.7,1.5
1189,13:08:49,60.9,1.5
1190,13:08:50,60.7,1.5
1191,13:08:51,60.8,1.5
1192,13:08:52,60.7,1.5
1193,13:08:53,60.8,1.5
1194,13:08:54,60.7,1.5
1195,13:08:55,60.8,1.5
1196,13:08:56,60.7,1.5
1197,13:08:57,60.7,1.5
1198,13:08:58,60.7,1.5
1199,13:08:59,60.8,1.5
1200,13:09:00,60.8,1.5
1201,13:09:01,60.7,1.5
1202,13:09:02,60.7,1.5
1203,13:09:03,60.7,1.5
1204,13:09:04,60.8,1.5
1205,13:09:05,60.8,1.5
1206,13:09:06,60.8,1.5
1207,13:09:07,60.7,1.5
1208,13:09:08,60.8,1.5
1209,13:09:09,60.7,1.5
1210,13:09:10,60.8,1.5
1211,13:09:11,60.8,1.5
1212,13:09:12,60.8,1.5
1213,13:09:13,60.7,1.5
1214,13:09:14,60.8,1.5
1215,13:09:15,60.8,1.5
1216,13:09:16,14.7,1.5
1217,13:09:17,0,1.5
1218,13:09:18,0.1,1.5
1219,13:09:19,35.6,1.5
1220,13:09:20,62.5,1.5
1221,13:09:21,62.6,1.5
1222,13:09:22,62.5,1.5
1223,13:09:23,62.5,1.5
1224,13:09:24,62.5,1.5
1225,13:09:25,62.5,1.5
1226,13:09:26,62.7,1.5
1227,13:09:27,62.5,1.5
1228,13:09:28,62.7,1.5
1229,13:09:29,62.5,1.5
1230,13:09:30,62.6,1.5
1231,13:09:31,62.5,1.5
1232,13:09:32,62.7,1.5
1233,13:09:33,62.5,1.5
1234,13:09:34,62.6,1.5
1235,13:09:35,62.5,1.5
1236,13:09:36,62.6,1.5
1237,13:09:37,62.6,1.5
1238,13:09:38,62.6,1.5
1239,13:09:39,62.5,1.5
1240,13:09:40,62.6,1.5
1241,13:09:41,62.5,1.5
1242,13:09:42,62.6,1.5
1243,13:09:43,62.5,1.5
1244,13:09:44,62.6,1.5
1245,13:09:45,62.5,1.5
1246,13:09:46,62.6,1.5
1247,13:09:47,62.5,1.5
1248,13:09:48,62.5,1.5
1249,13:09:49,20.1,1.5
1250,13:09:50,0.2,1.5
1251,13:09:51,0.1,1.5
1252,13:09:52,0.8,1.5
1253,13:09:53,16.7,1.5
1254,13:09:54,64.3,1.5
1255,13:09:55,64.4,1.5
1256,13:09:56,64.3,1.5
1257,13:09:57,64.4,1.5
1258,13:09:58,64.3,1.5
1259,13:09:59,65.4,1.5
1260,13:10:00,66.9,1.5
1261,13:10:01,64.4,1.5
1262,13:10:02,64.3,1.5
1263,13:10:03,64.3,1.5
1264,13:10:04,64.3,1.5
1265,13:10:05,64.4,1.5
1266,13:10:06,64.3,1.5
1267,13:10:07,64.3,1.5
1268,13:10:08,64.4,1.5
1269,13:10:09,64.3,1.5
1270,13:10:10,64.4,1.5
1271,13:10:11,64.3,1.5
1272,13:10:12,64.4,1.5
1273,13:10:13,64.3,1.5
1274,13:10:14,64.4,1.5
1275,13:10:16,64.3,1.5
1276,13:10:17,64.4,1.5
1277,13:10:18,64.4,1.5
1278,13:10:19,64.4,1.5
1279,13:10:20,64.3,1.5
1280,13:10:21,64.5,1.5
1281,13:10:22,64.3,1.5
1282,13:10:23,64.7,1.5
1283,13:10:24,40.3,1.5
1284,13:10:25,0.1,1.5
1285,13:10:26,0.1,1.5
1286,13:10:27,0.1,1.5
1287,13:10:28,0.2,1.5
1288,13:10:29,44.6,1.5
1289,13:10:30,66.2,1.5
1290,13:10:31,66.1,1.5
1291,13:10:32,66.1,1.5
1292,13:10:33,66.1,1.5
1293,13:10:34,66.6,1.5
1294,13:10:35,66.1,1.5
1295,13:10:36,66.1,1.5
1296,13:10:37,66.1,1.5
1297,13:10:38,66.1,1.5
1298,13:10:39,66.1,1.5
1299,13:10:40,66.2,1.5
1300,13:10:41,66.2,1.5
1301,13:10:42,66.1,1.5
1302,13:10:43,66.2,1.5
1303,13:10:44,66.1,1.5
1304,13:10:45,66.2,1.5
1305,13:10:46,66.1,1.5
1306,13:10:47,66.2,1.5
1307,13:10:48,66.1,1.5
1308,13:10:49,66.2,1.5
1309,13:10:50,66.1,1.5
1310,13:10:51,66.1,1.5
1311,13:10:52,66.1,1.5
1312,13:10:53,66.4,1.5
1313,13:10:54,66.1,1.5
1314,13:10:55,66.2,1.5
1315,13:10:56,66.1,1.5
1316,13:10:57,66.1,1.5
1317,13:10:58,66.2,1.5
1318,13:10:59,14.3,1.5
1319,13:11:00,0.1,1.5
1320,13:11:01,0.1,1.5
1321,13:11:02,37.3,1.5
1322,13:11:03,68,1.5
1323,13:11:04,67.9,1.5
1324,13:11:05,67.8,1.5
1325,13:11:06,67.9,1.5
1326,13:11:07,68,1.5
1327,13:11:08,67.9,1.5
1328,13:11:09,68,1.5
1329,13:11:10,67.9,1.5
1330,13:11:11,68,1.5
1331,13:11:12,67.9,1.5
1332,13:11:13,68,1.5
1333,13:11:14,67.9,1.5
1334,13:11:15,67.9,1.5
1335,13:11:16,67.9,1.5
1336,13:11:17,67.9,1.5
1337,13:11:18,67.9,1.5
1338,13:11:19,67.9,1.5
1339,13:11:20,67.9,1.5
1340,13:11:21,67.9,1.5
1341,13:11:22,68,1.5
1342,13:11:23,68.2,1.5
1343,13:11:24,68,1.5
1344,13:11:25,67.8,1.5
1345,13:11:26,68,1.5
1346,13:11:27,67.9,1.5
1347,13:11:28,68,1.5
1348,13:11:29,67.9,1.5
1349,13:11:30,68,1.5
1350,13:11:31,67.9,1.5
1351,13:11:32,22.9,1.5
1352,13:11:33,0.1,1.5
1353,13:11:34,0.1,1.5
1354,13:11:35,20.3,1.5
1355,13:11:36,69.8,1.5
1356,13:11:37,69.7,1.5
1357,13:11:38,69.8,1.5
1358,13:11:39,69.7,1.5
1359,13:11:40,69.8,1.5
1360,13:11:41,69.7,1.5
1361,13:11:42,69.8,1.5
1362,13:11:43,69.7,1.5
1363,13:11:44,69.7,1.5
1364,13:11:45,69.7,1.5
1365,13:11:46,69.8,1.5
1366,13:11:47,69.7,1.5
1367,13:11:48,69.7,1.5
1368,13:11:49,69.7,1.5
1369,13:11:50,69.7,1.5
1370,13:11:51,69.7,1.5
1371,13:11:52,69.7,1.5
1372,13:11:53,70,1.5
1373,13:11:54,69.7,1.5
1374,13:11:55,69.7,1.5
1375,13:11:56,69.7,1.5
1376,13:11:57,69.8,1.5
1377,13:11:58,69.7,1.5
1378,13:11:59,69.7,1.5
1379,13:13:00,69.7,1.5
1380,13:13:01,69.8,1.5
1381,13:13:02,69.7,1.5
1382,13:13:03,69.8,1.5
1383,13:13:04,69.7,1.5
1384,13:13:05,41.3,1.5
1385,13:13:06,0.1,1.5
1386,13:13:07,0.1,1.5
1387,13:13:08,0.1,1.5
1388,13:13:09,0.1,1.5
1389,13:13:10,0.1,1.5
1390,13:13:11,2.7,1.5
1391,13:13:12,2.4,1.5
1392,13:13:13,0.1,1.5
1393,13:13:14,0,1.5
1394,13:13:15,0.4,1.5
1395,13:13:16,0,1.5
1396,13:13:17,0.1,1.5
1397,13:13:18,0.1,1.5
1398,13:13:19,43.5,1.5
1399,13:13:20,71.4,1.5
1400,13:13:21,71.5,1.5
1401,13:13:22,71.5,1.5
1402,13:13:23,71.7,1.5
1403,13:13:24,71.5,1.5
1404,13:13:25,71.5,1.5
1405,13:13:26,71.5,1.5
1406,13:13:27,71.5,1.5
1407,13:13:28,71.6,1.5
1408,13:13:29,71.5,1.5
1409,13:13:30,71.6,1.5
1410,13:13:31,71.4,1.5
1411,13:13:32,71.5,1.5
1412,13:13:33,71.6,1.5
1413,13:13:34,71.4,1.5
1414,13:13:35,71.5,1.5
1415,13:13:36,71.6,1.5
1416,13:13:37,71.5,1.5
1417,13:13:38,71.5,1.5
1418,13:13:39,71.5,1.5
1419,13:13:40,71.5,1.5
1420,13:13:41,71.6,1.5
1421,13:13:42,71.5,1.5
1422,13:13:43,71.5,1.5
1423,13:13:44,71.4,1.5
1424,13:13:45,71.5,1.5
1425,13:13:46,71.5,1.5
1426,13:13:47,71.5,1.5
1427,13:13:48,71.6,1.5
1428,13:13:49,19.9,1.5
1429,13:13:50,0.1,1.5
1430,13:13:51,0.3,1.5
1431,13:13:52,0.1,1.5
1432,13:13:53,0.1,1.5
1433,13:13:54,27.5,1.5
1434,13:13:55,73.2,1.5
1435,13:13:56,73.3,1.5
1436,13:13:57,73.3,1.5
1437,13:13:58,73.2,1.5
1438,13:13:59,73.3,1.5
1439,13:13:00,73.2,1.5
1440,13:13:01,73.3,1.5
1441,13:13:02,73.3,1.5
1442,13:13:03,73.3,1.5
1443,13:13:04,73.2,1.5
1444,13:13:05,73.3,1.5
1445,13:13:06,73.3,1.5
1446,13:13:07,73.3,1.5
1447,13:13:08,73.2,1.5
1448,13:13:09,73.2,1.5
1449,13:13:10,73.2,1.5
1450,13:13:11,73.2,1.5
1451,13:13:12,73.3,1.5
1452,13:13:13,73.3,1.5
1453,13:13:14,73.3,1.5
1454,13:13:15,73.2,1.5
1455,13:13:16,73.3,1.5
1456,13:13:17,73.2,1.5
1457,13:13:18,73.3,1.5
1458,13:13:19,73.2,1.5
1459,13:13:20,73.3,1.5
1460,13:13:21,73.3,1.5
1461,13:13:22,73.3,1.5
1462,13:13:23,73.2,1.5
1463,13:13:24,37.2,1.5
1464,13:13:25,0,1.5
1465,13:13:26,0.1,1.5
1466,13:13:27,7.6,1.5
1467,13:13:28,75.1,1.5
1468,13:13:29,75,1.5
1469,13:13:30,75,1.5
1470,13:13:31,75,1.5
1471,13:13:32,75,1.5
1472,13:13:33,75,1.5
1473,13:13:34,75.1,1.5
1474,13:13:35,75.1,1.5
1475,13:13:36,75.2,1.5
1476,13:13:37,75,1.5
1477,13:13:38,75.1,1.5
1478,13:13:39,75,1.5
1479,13:13:40,75.1,1.5
1480,13:13:41,75,1.5
1481,13:13:42,75.1,1.5
1482,13:13:43,75,1.5
1483,13:13:44,75.1,1.5
1484,13:13:45,75,1.5
1485,13:13:46,75,1.5
1486,13:13:47,75,1.5
1487,13:13:48,75,1.5
1488,13:13:49,75,1.5
1489,13:13:50,75,1.5
1490,13:13:51,75.1,1.5
1491,13:13:52,75,1.5
1492,13:13:53,75.3,1.5
1493,13:13:54,75,1.5
1494,13:13:55,75,1.5
1495,13:13:56,75,1.5
1496,13:13:57,58.3,1.5
1497,13:13:58,0.1,1.5
1498,13:13:59,0.1,1.5
1499,13:14:00,10.3,1.5
1500,13:14:01,76.8,1.5
1501,13:14:02,76.9,1.5
1502,13:14:03,76.8,1.5
1503,13:14:04,76.9,1.5
1504,13:14:05,76.8,1.5
1505,13:14:06,76.9,1.5
1506,13:14:07,76.9,1.5
1507,13:14:08,76.8,1.5
1508,13:14:09,76.9,1.5
1509,13:14:10,76.8,1.5
1510,13:14:11,76.9,1.5
1511,13:14:12,76.8,1.5
1512,13:14:13,76.8,1.5
1513,13:14:14,76.8,1.5
1514,13:14:15,76.8,1.5
1515,13:14:16,76.9,1.5
1516,13:14:17,76.8,1.5
1517,13:14:18,76.9,1.5
1518,13:14:19,76.8,1.5
1519,13:14:20,76.9,1.5
1520,13:14:21,76.8,1.5
1521,13:14:22,79.4,1.5
1522,13:14:23,78,1.5
1523,13:14:24,76.8,1.5
1524,13:14:25,76.8,1.5
1525,13:14:26,76.9,1.5
1526,13:14:27,76.8,1.5
1527,13:14:28,76.9,1.5
1528,13:14:29,76.8,1.5
1529,13:14:30,57,1.5
1530,13:14:31,0.3,1.5
1531,13:14:32,0.1,1.5
1532,13:14:33,17.1,1.5
1533,13:14:34,78.6,1.5
1534,13:14:35,78.6,1.5
1535,13:14:36,78.7,1.5
1536,13:14:37,78.6,1.5
1537,13:14:38,78.7,1.5
1538,13:14:39,78.6,1.5
1539,13:14:40,78.7,1.5
1540,13:14:41,78.6,1.5
1541,13:14:42,78.7,1.5
1542,13:14:43,78.6,1.5
1543,13:14:44,78.6,1.5
1544,13:14:45,78.6,1.5
1545,13:14:46,78.6,1.5
1546,13:14:47,78.6,1.5
1547,13:14:48,78.6,1.5
1548,13:14:49,78.6,1.5
1549,13:14:50,78.6,1.5
1550,13:14:51,78.7,1.5
1551,13:14:52,78.6,1.5
1552,13:14:53,78.9,1.5
1553,13:14:54,78.6,1.5
1554,13:14:55,78.7,1.5
1555,13:14:56,78.6,1.5
1556,13:14:57,78.7,1.5
1557,13:14:58,78.7,1.5
1558,13:14:59,78.7,1.5
1559,13:15:00,78.6,1.5
1560,13:15:01,78.6,1.5
1561,13:15:02,78.6,1.5
1562,13:15:03,52,1.5
1563,13:15:04,0.1,1.5
1564,13:15:05,0.3,1.5
1565,13:15:06,62,1.5
1566,13:15:07,80.4,1.5
1567,13:15:08,80.4,1.5
1568,13:15:09,80.5,1.5
1569,13:15:10,80.4,1.5
1570,13:15:11,80.5,1.5
1571,13:15:12,80.4,1.5
1572,13:15:13,80.4,1.5
1573,13:15:14,80.4,1.5
1574,13:15:15,80.4,1.5
1575,13:15:16,80.4,1.5
1576,13:15:17,80.4,1.5
1577,13:15:18,80.4,1.5
1578,13:15:19,80.4,1.5
1579,13:15:20,80.4,1.5
1580,13:15:21,80.4,1.5
1581,13:15:22,80.5,1.5
1582,13:15:23,80.7,1.5
1583,13:15:24,80.5,1.5
1584,13:15:25,80.4,1.5
1585,13:15:26,80.4,1.5
1586,13:15:27,80.4,1.5
1587,13:15:28,80.6,1.5
1588,13:15:29,80.5,1.5
1589,13:15:30,80.5,1.5
1590,13:15:31,80.4,1.5
1591,13:15:32,80.5,1.5
1592,13:15:33,80.4,1.5
1593,13:15:34,81,1.5
1594,13:15:35,80.4,1.5
1595,13:15:36,8.3,1.5
1596,13:15:37,0.2,1.5
1597,13:15:38,0.1,1.5
1598,13:15:39,0.1,1.5
1599,13:15:40,54.8,1.5
1600,13:15:41,82.2,1.5
1601,13:15:42,82.2,1.5
1602,13:15:43,82.3,1.5
1603,13:15:44,82.2,1.5
1604,13:15:45,82.2,1.5
1605,13:15:46,82.2,1.5
1606,13:15:47,82.2,1.5
1607,13:15:48,82.2,1.5
1608,13:15:49,82.2,1.5
1609,13:15:50,82.2,1.5
1610,13:15:51,82.2,1.5
1611,13:15:52,82.2,1.5
1612,13:15:53,82.5,1.5
1613,13:15:54,82.2,1.5
1614,13:15:55,82.2,1.5
1615,13:15:56,82.2,1.5
1616,13:15:57,82.2,1.5
1617,13:15:58,82.3,1.5
1618,13:15:59,82.2,1.5
1619,13:16:00,82.2,1.5
1620,13:16:01,82.2,1.5
1621,13:16:02,82.2,1.5
1622,13:16:03,82.2,1.5
1623,13:16:04,82.2,1.5
1624,13:16:05,82.2,1.5
1625,13:16:06,82.2,1.5
1626,13:16:07,82.2,1.5
1627,13:16:08,82.2,1.5
1628,13:16:09,82.2,1.5
1629,13:16:10,17.4,1.5
1630,13:16:11,0.1,1.5
1631,13:16:12,0.1,1.5
1632,13:16:13,62,1.5
1633,13:16:14,84,1.5
1634,13:16:15,84,1.5
1635,13:16:16,83.9,1.5
1636,13:16:17,84,1.5
1637,13:16:18,84,1.5
1638,13:16:19,83.9,1.5
1639,13:16:20,84,1.5
1640,13:16:21,84,1.5
1641,13:16:22,84,1.5
1642,13:16:23,84.2,1.5
1643,13:16:24,84,1.5
1644,13:16:25,84.1,1.5
1645,13:16:26,84,1.5
1646,13:16:27,84,1.5
1647,13:16:28,84,1.5
1648,13:16:29,84,1.5
1649,13:16:30,83.9,1.5
1650,13:16:31,84,1.5
1651,13:16:32,84,1.5
1652,13:16:33,87.2,1.5
1653,13:16:34,83.9,1.5
1654,13:16:35,84,1.5
1655,13:16:36,84,1.5
1656,13:16:37,84,1.5
1657,13:16:38,84,1.5
1658,13:16:39,84,1.5
1659,13:16:40,84,1.5
1660,13:16:41,84,1.5
1661,13:16:42,84,1.5
1662,13:16:43,11.2,1.5
1663,13:16:44,0,1.5
1664,13:16:45,0.1,1.5
1665,13:16:46,47.4,1.5
1666,13:16:47,85.7,1.5
1667,13:16:48,85.8,1.5
1668,13:16:49,85.8,1.5
1669,13:16:50,85.8,1.5
1670,13:16:51,85.7,1.5
1671,13:16:52,85.7,1.5
1672,13:16:53,85.8,1.5
1673,13:16:54,85.8,1.5
1674,13:16:55,85.7,1.5
1675,13:16:56,85.8,1.5
1676,13:16:57,85.7,1.5
1677,13:16:58,85.8,1.5
1678,13:16:59,85.8,1.5
1679,13:17:00,85.8,1.5
1680,13:17:01,85.8,1.5
1681,13:17:02,85.8,1.5
1682,13:17:03,85.8,1.5
1683,13:17:04,85.8,1.5
1684,13:17:05,85.8,1.5
1685,13:17:06,85.8,1.5
1686,13:17:07,85.8,1.5
1687,13:17:08,85.8,1.5
1688,13:17:09,85.8,1.5
1689,13:17:10,85.8,1.5
1690,13:17:11,85.8,1.5
1691,13:17:12,85.8,1.5
1692,13:17:13,85.8,1.5
1693,13:17:14,85.8,1.5
1694,13:17:15,85.8,1.5
1695,13:17:16,27.2,1.5
1696,13:17:17,0.1,1.5
1697,13:17:18,0.1,1.5
1698,13:17:19,0.1,1.5
1699,13:17:20,6.8,1.5
1700,13:17:21,87.4,1.5
1701,13:17:22,87.6,1.5
1702,13:17:23,87.5,1.5
1703,13:17:24,87.6,1.5
1704,13:17:25,87.6,1.5
1705,13:17:26,87.5,1.5
1706,13:17:27,87.5,1.5
1707,13:17:28,87.6,1.5
1708,13:17:29,87.6,1.5
1709,13:17:30,87.6,1.5
1710,13:17:31,87.6,1.5
1711,13:17:32,87.6,1.5
1712,13:17:33,87.6,1.5
1713,13:17:34,87.5,1.5
1714,13:17:35,87.7,1.5
1715,13:17:36,87.6,1.5
1716,13:17:37,87.5,1.5
1717,13:17:38,87.5,1.5
1718,13:17:39,87.5,1.5
1719,13:17:40,87.5,1.5
1720,13:17:41,87.6,1.5
1721,13:17:42,87.5,1.5
1722,13:17:43,87.5,1.5
1723,13:17:44,87.6,1.5
1724,13:17:45,87.5,1.5
1725,13:17:46,87.6,1.5
1726,13:17:47,87.6,1.5
1727,13:17:48,87.6,1.5
1728,13:17:49,87.5,1.5
1729,13:17:50,69.7,1.5
1730,13:17:51,0.2,1.5
1731,13:17:52,0.1,1.5
1732,13:17:53,0.4,1.5
1733,13:17:54,0,1.5
1734,13:17:55,0.3,1.5
1735,13:17:56,84.4,1.5
1736,13:17:57,89.3,1.5
1737,13:17:58,89.3,1.5
1738,13:17:59,89.3,1.5
1739,13:18:00,89.4,1.5
1740,13:18:01,89.4,1.5
1741,13:18:02,89.3,1.5
1742,13:18:03,89.4,1.5
1743,13:18:04,89.3,1.5
1744,13:18:05,89.4,1.5
1745,13:18:06,89.3,1.5
1746,13:18:07,89.4,1.5
1747,13:18:08,89.3,1.5
1748,13:18:09,89.4,1.5
1749,13:18:10,89.3,1.5
1750,13:18:11,89.4,1.5
1751,13:18:12,89.3,1.5
1752,13:18:13,89.4,1.5
1753,13:18:14,89.4,1.5
1754,13:18:15,89.4,1.5
1755,13:18:16,89.3,1.5
1756,13:18:17,89.3,1.5
1757,13:18:18,89.3,1.5
1758,13:18:19,89.3,1.5
1759,13:18:20,89.3,1.5
1760,13:18:21,89.3,1.5
1761,13:18:22,89.3,1.5
1762,13:18:23,89.6,1.5
1763,13:18:24,89.4,1.5
1764,13:18:25,82,1.5
1765,13:18:26,0.1,1.5
1766,13:18:27,0.1,1.5
1767,13:18:28,0.2,1.5
1768,13:18:29,0.2,1.5
1769,13:18:30,84.6,1.5
1770,13:18:31,91,1.5
1771,13:18:32,91.1,1.5
1772,13:18:33,91.2,1.5
1773,13:18:34,91.2,1.5
1774,13:18:35,91.2,1.5
1775,13:18:36,91.1,1.5
1776,13:18:37,91.1,1.5
1777,13:18:38,91.1,1.5
1778,13:18:39,91.1,1.5
1779,13:18:40,91.2,1.5
1780,13:18:41,91.1,1.5
1781,13:18:42,91.1,1.5
1782,13:18:43,91.1,1.5
1783,13:18:45,94.3,1.5
1784,13:18:46,91,1.5
1785,13:18:47,91.1,1.5
1786,13:18:48,91.1,1.5
1787,13:18:49,91.1,1.5
1788,13:18:50,91.1,1.5
1789,13:18:51,91.1,1.5
1790,13:18:52,91.1,1.5
1791,13:18:53,91.1,1.5
1792,13:18:54,91.2,1.5
1793,13:18:55,91.3,1.5
1794,13:18:56,91.1,1.5
1795,13:18:57,91.2,1.5
1796,13:18:58,91.1,1.5
1797,13:18:59,91.1,1.5
1798,13:19:00,85.4,1.5
1799,13:19:01,0.1,1.5
1800,13:19:02,0.1,1.5
1801,13:19:03,0.1,1.5
1802,13:19:04,0.1,1.5
1803,13:19:05,76.8,1.5
1804,13:19:06,92.8,1.5
1805,13:19:07,92.9,1.5
1806,13:19:08,92.9,1.5
1807,13:19:09,92.9,1.5
1808,13:19:10,92.9,1.5
1809,13:19:11,93,1.5
1810,13:19:12,92.9,1.5
1811,13:19:13,92.9,1.5
1812,13:19:14,92.9,1.5
1813,13:19:15,92.9,1.5
1814,13:19:16,92.9,1.5
1815,13:19:17,92.9,1.5
1816,13:19:18,92.9,1.5
1817,13:19:19,92.9,1.5
1818,13:19:20,92.9,1.5
1819,13:19:21,92.9,1.5
1820,13:19:22,92.9,1.5
1821,13:19:23,93,1.5
1822,13:19:24,92.9,1.5
1823,13:19:25,93.2,1.5
1824,13:19:26,92.9,1.5
1825,13:19:27,92.9,1.5
1826,13:19:28,93.1,1.5
1827,13:19:29,92.9,1.5
1828,13:19:30,93,1.5
1829,13:19:31,92.9,1.5
1830,13:19:32,92.9,1.5
1831,13:19:33,92.9,1.5
1832,13:19:34,92.9,1.5
1833,13:19:35,2.8,1.5
1834,13:19:36,0.1,1.5
1835,13:19:37,5.3,1.5
1836,13:19:38,94.5,1.5
1837,13:19:39,94.7,1.5
1838,13:19:40,94.7,1.5
1839,13:19:41,94.7,1.5
1840,13:19:42,94.7,1.5
1841,13:19:43,94.7,1.5
1842,13:19:44,94.7,1.5
1843,13:19:45,94.7,1.5
1844,13:19:46,94.7,1.5
1845,13:19:47,94.7,1.5
1846,13:19:48,94.7,1.5
1847,13:19:49,94.7,1.5
1848,13:19:50,94.7,1.5
1849,13:19:51,94.7,1.5
1850,13:19:52,94.7,1.5
1851,13:19:53,94.7,1.5
1852,13:19:54,94.7,1.5
1853,13:19:55,94.9,1.5
1854,13:19:56,94.7,1.5
1855,13:19:57,94.7,1.5
1856,13:19:58,94.7,1.5
1857,13:19:59,94.7,1.5
1858,13:20:00,94.7,1.5
1859,13:20:01,94.7,1.5
1860,13:20:02,94.7,1.5
1861,13:20:03,94.7,1.5
1862,13:20:04,94.7,1.5
1863,13:20:05,94.8,1.5
1864,13:20:06,94.8,1.5
1865,13:20:07,76.5,1.5
1866,13:20:08,0.1,1.5
1867,13:20:09,0.1,1.5
1868,13:20:10,0.1,1.5
1869,13:20:11,0.1,1.5
1870,13:20:12,69.5,1.5
1871,13:20:13,96.3,1.5
1872,13:20:14,96.5,1.5
1873,13:20:15,96.5,1.5
1874,13:20:16,96.5,1.5
1875,13:20:17,96.5,1.5
1876,13:20:18,96.5,1.5
1877,13:20:19,96.5,1.5
1878,13:20:20,96.5,1.5
1879,13:20:21,96.5,1.5
1880,13:20:22,96.5,1.5
1881,13:20:23,96.5,1.5
1882,13:20:24,96.5,1.5
1883,13:20:25,96.6,1.5
1884,13:20:26,96.5,1.5
1885,13:20:27,96.5,1.5
1886,13:20:28,96.6,1.5
1887,13:20:29,96.5,1.5
1888,13:20:30,96.6,1.5
1889,13:20:31,96.5,1.5
1890,13:20:32,96.5,1.5
1891,13:20:33,96.5,1.5
1892,13:20:34,97,1.5
1893,13:20:35,96.6,1.5
1894,13:20:36,96.5,1.5
1895,13:20:37,96.5,1.5
1896,13:20:38,96.5,1.5
1897,13:20:39,96.5,1.5
1898,13:20:40,96.5,1.5
1899,13:20:41,96.5,1.5
1900,13:20:42,13.6,1.5
1901,13:20:43,0.1,1.5
1902,13:20:44,0.1,1.5
1903,13:20:45,32,1.5
1904,13:20:46,98.1,1.5
1905,13:20:47,98.3,1.5
1906,13:20:48,98.3,1.5
1907,13:20:49,98.3,1.5
1908,13:20:50,98.2,1.5
1909,13:20:51,98.3,1.5
1910,13:20:52,98.1,1.5
1911,13:20:53,98.2,1.5
1912,13:20:54,98.2,1.5
1913,13:20:55,98.4,1.5
1914,13:20:56,98.3,1.5
1915,13:20:57,98.1,1.5
1916,13:20:58,98.1,1.5
1917,13:20:59,98.3,1.5
1918,13:21:00,98.1,1.5
1919,13:21:01,98.3,1.5
1920,13:21:02,98.2,1.5
1921,13:21:03,98.3,1.5
1922,13:21:04,98.3,1.5
1923,13:21:05,98.3,1.5
1924,13:21:06,98.2,1.5
1925,13:21:07,98.3,1.5
1926,13:21:08,98.3,1.5
1927,13:21:09,98.3,1.5
1928,13:21:10,98.3,1.5
1929,13:21:11,98.3,1.5
1930,13:21:12,98.2,1.5
1931,13:21:13,98.3,1.5
1932,13:21:14,98.3,1.5
1933,13:21:15,52.5,1.5
1934,13:21:16,0.1,1.5
1935,13:21:17,0,1.5
1936,13:21:18,0.1,1.5
1937,13:21:19,0.1,1.5
1938,13:21:20,0,1.5
1939,13:21:21,0.1,1.5
1940,13:21:22,12.9,1.5
1941,13:21:23,99.9,1.5
1942,13:21:24,100,1.5
1943,13:21:25,100,1.5
1944,13:21:26,100,1.5
1945,13:21:27,100,1.5
1946,13:21:28,100,1.5
1947,13:21:29,99.9,1.5
1948,13:21:30,99.7,1.5
1949,13:21:31,99.9,1.5
1950,13:21:32,99.9,1.5
1951,13:21:33,100,1.5
1952,13:21:34,100,1.5
1953,13:21:35,99.9,1.5
1954,13:21:36,99.9,1.5
1955,13:21:37,99.9,1.5
1956,13:21:38,99.9,1.5
1957,13:21:39,100,1.5
1958,13:21:40,100,1.5
1959,13:21:41,100,1.5
1960,13:21:42,100,1.5
1961,13:21:43,99.9,1.5
1962,13:21:44,100,1.5
1963,13:21:45,100,1.5
1964,13:21:46,100,1.5
1965,13:21:47,100,1.5
1966,13:21:48,100,1.5
1967,13:21:49,100,1.5
1968,13:21:50,100,1.5
1969,13:21:51,100,1.5
1970,13:21:52,99.9,1.5
1971,13:21:53,99.9,1.5
1972,13:21:54,100,1.5
1973,13:21:55,100,1.5
1974,13:21:56,99.9,1.5
1975,13:21:57,99.8,1.5
1976,13:21:58,100,1.5
1977,13:21:59,99.9,1.5
1978,13:22:00,99.9,1.5
1979,13:22:01,100,1.5
1980,13:22:02,100,1.5
1981,13:22:03,100,1.5
1982,13:22:04,100,1.5
1983,13:22:05,100,1.5
1984,13:22:06,100,1.5
1985,13:22:07,100,1.5
1986,13:22:08,100,1.5
1987,13:22:09,100,1.5
1988,13:22:10,99.9,1.5
1989,13:22:11,99.9,1.5
1990,13:22:12,100,1.5
1991,13:22:13,100,1.5
1992,13:22:14,100,1.5
1993,13:22:15,100,1.5
1994,13:22:16,100,1.5
1995,13:22:17,100,1.5
1996,13:22:18,100,1.5
1997,13:22:19,99.9,1.5
1998,13:22:20,100,1.5
1999,13:22:21,100,1.5
2000,13:22:22,100,1.5
2001,13:22:23,100,1.5
2002,13:22:24,100,1.5
2003,13:22:25,100,1.5
2004,13:22:26,99.9,1.5
2005,13:22:27,100,1.5
2006,13:22:28,100,1.5
2007,13:22:29,100,1.5
2008,13:22:30,100,1.5
2009,13:22:31,99.9,1.5
2010,13:22:32,100,1.5
2011,13:22:33,100,1.5
2012,13:22:34,99.8,1.5
2013,13:22:35,100,1.5
2014,13:22:36,100,1.5
2015,13:22:37,99.9,1.5
2016,13:22:38,100,1.5
2017,13:22:39,99.9,1.5
2018,13:22:40,100,1.5
2019,13:22:41,100,1.5
2020,13:22:42,100,1.5
2021,13:22:43,100,1.5
2022,13:22:44,100,1.5
2023,13:22:45,100,1.5
2024,13:22:46,100,1.5
2025,13:22:47,100,1.5
2026,13:22:48,100,1.5
2027,13:22:49,100,1.5
2028,13:22:50,100,1.5
2029,13:22:51,100,1.5
2030,13:22:52,100,1.5
2031,13:22:53,100,1.5
2032,13:22:54,100,1.5
2033,13:22:55,100,1.5
2034,13:22:56,100,1.5
2035,13:22:57,100,1.5
2036,13:22:58,100,1.5
2037,13:22:59,100,1.5
2038,13:23:00,100,1.5
2039,13:23:01,99.9,1.5
2040,13:23:02,100,1.5
2041,13:23:03,100,1.5
2042,13:23:04,100,1.5
2043,13:23:05,100,1.5
2044,13:23:06,99.7,1.5
2045,13:23:07,99.1,1.5
2046,13:23:08,99.5,1.5
2047,13:23:09,99.8,1.5
2048,13:23:10,99.8,1.5
2049,13:23:11,99.8,1.5
2050,13:23:12,100,1.5
2051,13:23:13,100,1.5
2052,13:23:14,99.9,1.5
2053,13:23:15,100,1.5
2054,13:23:16,100,1.5
2055,13:23:17,100,1.5
2056,13:23:18,100,1.5
2057,13:23:19,100,1.5
2058,13:23:20,100,1.5
2059,13:23:21,100,1.5
2060,13:23:22,100,1.5
2061,13:23:23,100,1.5
2062,13:23:24,100,1.5
2063,13:23:25,100,1.5
2064,13:23:26,100,1.5
2065,13:23:27,99.9,1.5
2066,13:23:28,100,1.5
2067,13:23:29,100,1.5
2068,13:23:30,100,1.5
2069,13:23:31,100,1.5
2070,13:23:32,100,1.5
2071,13:23:33,99.7,1.5
2072,13:23:34,99.9,1.5
2073,13:23:35,99.8,1.5
2074,13:23:36,100,1.5
2075,13:23:37,100,1.5
2076,13:23:38,100,1.5
2077,13:23:39,99.9,1.5
2078,13:23:40,99.9,1.5
2079,13:23:41,99.9,1.5
2080,13:23:42,99.9,1.5
2081,13:23:43,100,1.5
2082,13:23:44,100,1.5
2083,13:23:45,100,1.5
2084,13:23:46,100,1.5
2085,13:23:47,100,1.5
2086,13:23:48,100,1.5
2087,13:23:49,100,1.5
2088,13:23:50,100,1.5
2089,13:23:51,100,1.5
2090,13:23:52,100,1.5
2091,13:23:53,100,1.5
2092,13:23:54,100,1.5
2093,13:23:55,100,1.5
2094,13:23:56,100,1.5
2095,13:23:57,99.8,1.5
2096,13:23:58,99.6,1.5
2097,13:23:59,99.8,1.5
2098,13:24:00,100,1.5
2099,13:24:01,99.9,1.5
2100,13:24:02,100,1.5
2101,13:24:03,100,1.5
2102,13:24:04,99.9,1.5
2103,13:24:05,99.9,1.5
2104,13:24:06,100,1.5
2105,13:24:07,100,1.5
2106,13:24:08,100,1.5
2107,13:24:09,100,1.5
2108,13:24:10,100,1.5
2109,13:24:11,100,1.5
2110,13:24:12,100,1.5
2111,13:24:13,99.9,1.5
2112,13:24:14,99.9,1.5
2113,13:24:15,100,1.5
2114,13:24:16,100,1.5
2115,13:24:17,99.9,1.5
2116,13:24:18,99.8,1.5
2117,13:24:19,100,1.5
2118,13:24:20,99.9,1.5
2119,13:24:21,100,1.5
2120,13:24:22,100,1.5
2121,13:24:23,100,1.5
2122,13:24:24,100,1.5
2123,13:24:25,100,1.5
2124,13:24:26,100,1.5
2125,13:24:27,99.9,1.5
2126,13:24:28,99.9,1.5
2127,13:24:29,99.9,1.5
2128,13:24:30,99.6,1.5
2129,13:24:31,99.7,1.5
2130,13:24:32,99.9,1.5
2131,13:24:33,99.9,1.5
2132,13:24:34,100,1.5
2133,13:24:35,100,1.5
2134,13:24:36,100,1.5
2135,13:24:37,100,1.5
2136,13:24:38,100,1.5
2137,13:24:39,100,1.5
2138,13:24:40,100,1.5
2139,13:24:41,99.9,1.5
2140,13:24:42,99.9,1.5
2141,13:24:43,100,1.5
2142,13:24:44,100,1.5
2143,13:24:45,100,1.5
2144,13:24:46,100,1.5
2145,13:24:47,99.9,1.5
2146,13:24:48,100,1.5
2147,13:24:49,99.9,1.5
2148,13:24:50,100,1.5
2149,13:24:51,100,1.5
2150,13:24:52,100,1.5
2151,13:24:53,99.9,1.5
2152,13:24:54,100,1.5
2153,13:24:55,100,1.5
2154,13:24:56,99.9,1.5
2155,13:24:57,100,1.5
2156,13:24:58,100,1.5
2157,13:24:59,100,1.5
2158,13:25:00,100,1.5
2159,13:25:01,100,1.5
2160,13:25:02,100,1.5
2161,13:25:03,100,1.5
2162,13:25:04,100,1.5
2163,13:25:05,100,1.5
2164,13:25:06,100,1.5
2165,13:25:07,99.8,1.5
2166,13:25:08,99.6,1.5
2167,13:25:09,99.8,1.5
2168,13:25:10,99.9,1.5
2169,13:25:11,100,1.5
2170,13:25:12,100,1.5
2171,13:25:13,100,1.5
2172,13:25:14,100,1.5
2173,13:25:15,100,1.5
2174,13:25:16,100,1.5
2175,13:25:17,99.6,1.5
2176,13:25:18,98.1,1.5
2177,13:25:19,99.7,1.5
2178,13:25:20,99.6,1.5
2179,13:25:21,100,1.5
2180,13:25:22,99.9,1.5
2181,13:25:23,99.5,1.5
2182,13:25:24,99.8,1.5
2183,13:25:25,99.8,1.5
2184,13:25:26,99.9,1.5
2185,13:25:27,99.9,1.5
2186,13:25:28,99.9,1.5
2187,13:25:29,100,1.5
2188,13:25:30,99.9,1.5
2189,13:25:31,100,1.5
2190,13:25:32,100,1.5
2191,13:25:33,100,1.5
2192,13:25:34,99.8,1.5
2193,13:25:35,100,1.5
2194,13:25:36,100,1.5
2195,13:25:37,100,1.5
2196,13:25:38,100,1.5
2197,13:25:39,100,1.5
2198,13:25:40,100,1.5
2199,13:25:41,100,1.5
2200,13:25:42,100,1.5
2201,13:25:43,99.9,1.5
2202,13:25:44,100,1.5
2203,13:25:45,100,1.5
2204,13:25:46,100,1.5
2205,13:25:47,100,1.5
2206,13:25:48,100,1.5
2207,13:25:49,100,1.5
2208,13:25:50,100,1.5
2209,13:25:51,100,1.5
2210,13:25:52,100,1.5
2211,13:25:53,100,1.5
2212,13:25:54,100,1.5
2213,13:25:55,100,1.5
2214,13:25:56,100,1.5
2215,13:25:57,100,1.5
2216,13:25:58,99.5,1.5
2217,13:25:59,99.8,1.5
2218,13:26:00,100,1.5
2219,13:26:01,99.9,1.5
2220,13:26:02,100,1.5
2221,13:26:03,99.7,1.5
2222,13:26:04,99.9,1.5
2223,13:26:05,100,1.5
2224,13:26:06,99.9,1.5
2225,13:26:07,99.9,1.5
2226,13:26:08,100,1.5
2227,13:26:09,100,1.5
2228,13:26:10,100,1.5
2229,13:26:11,100,1.5
2230,13:26:12,100,1.5
2231,13:26:13,100,1.5
2232,13:26:14,100,1.5
2233,13:26:15,100,1.5
2234,13:26:16,100,1.5
2235,13:26:17,100,1.5
2236,13:26:18,99.8,1.5
2237,13:26:19,99.5,1.5
2238,13:26:20,99.8,1.5
2239,13:26:21,99.9,1.5
2240,13:26:22,23.3,1.5
2241,13:26:23,0.1,1.5
2242,13:26:24,0,1.5
2243,13:26:25,0.1,1.5
2244,13:26:26,0,1.5
2245,13:26:27,0.1,1.5
2246,13:26:28,0.7,1.5
2247,13:26:29,0.1,1.5
2248,13:26:30,0.3,1.5
2249,13:26:31,0.1,1.5