13:46:28, 0, 113.3, 244.0, 0.486
13:46:29, 1, 111.3, 244.1, 0.470
13:46:30, 2, 111.4, 244.2, 0.473
13:46:31, 3, 111.7, 244.1, 0.479
13:46:32, 4, 111.9, 244.2, 0.470
13:46:33, 5, 143.9, 244.2, 0.649
13:46:34, 6, 152.7, 244.1, 0.638
13:46:35, 7, 152.7, 244.0, 0.637
13:46:36, 8, 152.8, 244.0, 0.638
13:46:37, 9, 152.8, 244.1, 0.638
13:46:38, 10, 152.9, 243.9, 0.637
13:46:39, 11, 153.0, 244.2, 0.640
13:46:40, 12, 152.9, 244.2, 0.635
13:46:41, 13, 153.1, 244.1, 0.644
13:46:42, 14, 153.2, 243.9, 0.638
13:46:43, 15, 153.4, 244.4, 0.637
13:46:44, 16, 153.4, 244.3, 0.640
13:46:45, 17, 153.6, 244.3, 0.649
13:46:46, 18, 153.9, 244.5, 0.644
13:46:47, 19, 154.1, 244.2, 0.653
13:46:48, 20, 154.2, 244.3, 0.641
13:46:49, 21, 154.3, 244.4, 0.646
13:46:50, 22, 154.2, 244.7, 0.629
13:46:51, 23, 154.1, 244.3, 0.634
13:46:52, 24, 153.9, 244.3, 0.634
13:46:53, 25, 154.0, 244.2, 0.643
13:46:54, 26, 154.0, 244.0, 0.639
13:46:55, 27, 154.0, 244.0, 0.633
13:46:56, 28, 154.0, 244.0, 0.640
13:46:57, 29, 153.9, 244.0, 0.638
13:46:58, 30, 153.8, 243.9, 0.644
13:46:59, 31, 154.1, 244.0, 0.648
13:47:00, 32, 154.2, 243.8, 0.645
13:47:01, 33, 154.3, 244.1, 0.650
13:47:02, 34, 154.3, 243.8, 0.637
13:47:03, 35, 126.3, 244.1, 0.471
13:47:04, 36, 111.2, 244.3, 0.467
13:47:05, 37, 110.9, 244.3, 0.471
13:47:06, 38, 111.4, 244.2, 0.471
13:47:07, 39, 104.1, 244.2, 0.458
13:47:08, 40, 111.4, 244.4, 0.496
13:47:09, 41, 140.9, 243.8, 0.634
13:47:10, 42, 141.4, 244.1, 0.573
13:47:11, 43, 161.2, 244.4, 0.690
13:47:12, 44, 167.1, 244.3, 0.701
13:47:13, 45, 167.2, 244.2, 0.712
13:47:14, 46, 167.5, 244.3, 0.700
13:47:15, 47, 167.6, 244.3, 0.704
13:47:16, 48, 167.7, 244.1, 0.701
13:47:17, 49, 167.8, 244.3, 0.701
13:47:18, 50, 167.9, 244.2, 0.700
13:47:19, 51, 167.8, 244.1, 0.692
13:47:20, 52, 167.8, 244.1, 0.697
13:47:21, 53, 167.9, 244.4, 0.701
13:47:22, 54, 167.6, 244.4, 0.683
13:47:23, 55, 147.2, 244.4, 0.588
13:47:24, 56, 165.1, 244.2, 0.700
13:47:25, 57, 165.5, 244.2, 0.695
13:47:26, 58, 165.8, 244.1, 0.699
13:47:27, 59, 166.1, 244.3, 0.706
13:47:28, 60, 166.4, 244.3, 0.697
13:47:29, 61, 166.7, 244.0, 0.701
13:47:30, 62, 166.9, 244.0, 0.696
13:47:31, 63, 167.0, 244.0, 0.694
13:47:32, 64, 167.1, 244.0, 0.700
13:47:33, 65, 167.3, 244.3, 0.699
13:47:34, 66, 167.6, 244.3, 0.698
13:47:35, 67, 167.8, 244.4, 0.701
13:47:36, 68, 167.9, 244.3, 0.704
13:47:37, 69, 167.6, 244.3, 0.689
13:47:38, 70, 167.7, 244.3, 0.699
13:47:39, 71, 120.8, 244.3, 0.416
13:47:40, 72, 110.0, 244.3, 0.472
13:47:41, 73, 110.1, 244.7, 0.464
13:47:42, 74, 110.0, 244.5, 0.405
13:47:43, 75, 104.1, 244.6, 0.462
13:47:44, 76, 104.5, 244.6, 0.441
13:47:45, 77, 134.4, 244.4, 0.643
13:47:46, 78, 153.5, 244.3, 0.594
13:47:47, 79, 153.8, 244.1, 0.737
13:47:48, 80, 177.5, 244.3, 0.727
13:47:49, 81, 177.1, 244.0, 0.726
13:47:50, 82, 176.9, 244.3, 0.729
13:47:51, 83, 176.9, 244.2, 0.739
13:47:52, 84, 177.0, 244.3, 0.731
13:47:53, 85, 177.3, 244.1, 0.745
13:47:54, 86, 177.5, 244.0, 0.734
13:47:55, 87, 177.5, 243.8, 0.738
13:47:56, 88, 177.5, 243.6, 0.739
13:47:57, 89, 177.5, 243.9, 0.738
13:47:58, 90, 177.5, 243.7, 0.740
13:47:59, 91, 177.5, 243.9, 0.740
13:48:00, 92, 177.7, 243.7, 0.744
13:48:01, 93, 177.8, 243.8, 0.744
13:48:02, 94, 177.8, 243.9, 0.745
13:48:03, 95, 178.0, 243.8, 0.746
13:48:04, 96, 178.1, 244.0, 0.746
13:48:05, 97, 178.2, 243.9, 0.742
13:48:06, 98, 178.1, 243.7, 0.736
13:48:07, 99, 178.2, 243.8, 0.741
13:48:08, 100, 178.2, 243.8, 0.739
13:48:09, 101, 178.2, 243.8, 0.739
13:48:10, 102, 178.3, 243.6, 0.744
13:48:11, 103, 178.4, 243.7, 0.746
13:48:12, 104, 178.5, 243.5, 0.744
13:48:13, 105, 178.4, 243.6, 0.740
13:48:14, 106, 178.4, 243.5, 0.745
13:48:15, 107, 130.3, 243.7, 0.470
13:48:16, 108, 112.0, 243.7, 0.475
13:48:17, 109, 103.1, 243.6, 0.436
13:48:18, 110, 111.6, 243.5, 0.456
13:48:19, 111, 112.1, 243.6, 0.659
13:48:20, 112, 164.7, 243.6, 0.618
13:48:21, 113, 159.4, 243.7, 0.771
13:48:22, 114, 186.0, 244.0, 0.769
13:48:23, 115, 186.1, 244.1, 0.781
13:48:24, 116, 186.3, 244.3, 0.783
13:48:25, 117, 186.4, 244.2, 0.773
13:48:26, 118, 186.4, 244.3, 0.779
13:48:27, 119, 186.4, 244.3, 0.760
13:48:28, 120, 186.4, 244.3, 0.780
13:48:29, 121, 186.7, 244.1, 0.785
13:48:30, 122, 186.9, 244.2, 0.784
13:48:31, 123, 187.3, 244.2, 0.785
13:48:32, 124, 187.5, 244.2, 0.779
13:48:33, 125, 187.5, 244.0, 0.777
13:48:34, 126, 187.6, 243.8, 0.781
13:48:35, 127, 187.6, 243.8, 0.774
13:48:36, 128, 187.7, 243.9, 0.783
13:48:37, 129, 187.7, 244.0, 0.782
13:48:38, 130, 187.8, 243.9, 0.785
13:48:39, 131, 187.9, 244.0, 0.781
13:48:40, 132, 188.0, 244.0, 0.787
13:48:41, 133, 188.0, 244.2, 0.779
13:48:42, 134, 188.1, 244.0, 0.786
13:48:43, 135, 188.3, 244.1, 0.781
13:48:44, 136, 188.3, 244.0, 0.778
13:48:45, 137, 188.2, 243.9, 0.777
13:48:46, 138, 188.2, 243.8, 0.780
13:48:47, 139, 188.2, 243.8, 0.784
13:48:48, 140, 188.1, 244.0, 0.777
13:48:49, 141, 188.1, 243.9, 0.732
13:48:50, 142, 121.0, 244.0, 0.482
13:48:51, 143, 115.3, 244.2, 0.479
13:48:52, 144, 115.1, 244.1, 0.486
13:48:53, 145, 115.5, 244.0, 0.510
13:48:54, 146, 115.4, 243.9, 0.477
13:48:55, 147, 107.2, 243.9, 0.470
13:48:56, 148, 113.9, 243.8, 0.477
13:48:57, 149, 113.8, 243.7, 0.433
13:48:58, 150, 113.4, 243.8, 0.470
13:48:59, 151, 113.5, 243.7, 0.699
13:49:00, 152, 190.3, 243.4, 0.797
13:49:01, 153, 190.4, 243.7, 0.798
13:49:02, 154, 190.7, 243.6, 0.806
13:49:03, 155, 191.0, 243.5, 0.795
13:49:04, 156, 190.7, 243.7, 0.792
13:49:05, 157, 191.0, 243.7, 0.803
13:49:06, 158, 191.3, 243.7, 0.804
13:49:07, 159, 191.6, 243.5, 0.814
13:49:08, 160, 192.0, 243.7, 0.812
13:49:09, 161, 192.5, 243.5, 0.809
13:49:10, 162, 193.0, 243.5, 0.824
13:49:11, 163, 193.3, 243.6, 0.818
13:49:12, 164, 193.6, 243.7, 0.811
13:49:13, 165, 193.8, 243.7, 0.808
13:49:14, 166, 194.0, 243.7, 0.812
13:49:15, 167, 194.4, 243.7, 0.813
13:49:16, 168, 194.5, 243.4, 0.815
13:49:17, 169, 194.7, 243.4, 0.816
13:49:18, 170, 195.0, 243.2, 0.817
13:49:19, 171, 195.3, 243.6, 0.816
13:49:20, 172, 195.3, 243.5, 0.813
13:49:21, 173, 204.5, 243.5, 0.814
13:49:22, 174, 196.4, 243.4, 0.817
13:49:23, 175, 196.5, 243.5, 0.817
13:49:24, 176, 196.4, 243.5, 0.821
13:49:24, 177, 196.5, 243.6, 0.817
13:49:26, 178, 196.5, 243.6, 0.807
13:49:26, 179, 196.4, 243.6, 0.812
13:49:28, 180, 196.3, 243.5, 0.813
13:49:28, 181, 196.2, 243.6, 0.760
13:49:29, 182, 125.0, 243.5, 0.489
13:49:30, 183, 114.3, 243.6, 0.429
13:49:31, 184, 113.8, 243.8, 0.452
13:49:32, 185, 106.4, 243.6, 0.425
13:49:33, 186, 107.0, 243.6, 0.423
13:49:34, 187, 134.4, 243.3, 0.710
13:49:35, 188, 156.1, 243.3, 0.674
13:49:36, 189, 184.4, 243.1, 0.836
13:49:37, 190, 202.0, 243.1, 0.838
13:49:38, 191, 201.7, 243.1, 0.825
13:49:39, 192, 201.3, 243.1, 0.831
13:49:40, 193, 201.5, 243.3, 0.842
13:49:41, 194, 201.4, 243.2, 0.831
13:49:42, 195, 201.2, 243.3, 0.837
13:49:43, 196, 201.1, 243.4, 0.836
13:49:44, 197, 201.2, 243.2, 0.833
13:49:45, 198, 201.2, 243.4, 0.839
13:49:46, 199, 201.3, 243.2, 0.839
13:49:47, 200, 201.6, 243.4, 0.847
13:49:48, 201, 201.9, 243.3, 0.843
13:49:49, 202, 202.3, 243.3, 0.848
13:49:50, 203, 202.7, 242.9, 0.852
13:49:51, 204, 202.8, 242.9, 0.849
13:49:52, 205, 203.1, 243.0, 0.860
13:49:53, 206, 203.4, 243.1, 0.850
13:49:54, 207, 203.5, 243.3, 0.850
13:49:55, 208, 203.8, 243.3, 0.851
13:49:56, 209, 203.8, 243.1, 0.847
13:49:57, 210, 204.0, 243.0, 0.854
13:49:58, 211, 204.1, 242.9, 0.850
13:49:59, 212, 204.1, 243.1, 0.852
13:50:00, 213, 204.3, 243.1, 0.851
13:50:01, 214, 204.4, 243.0, 0.851
13:50:02, 215, 204.5, 243.0, 0.854
13:50:03, 216, 204.6, 242.8, 0.871
13:50:04, 217, 161.2, 242.9, 0.482
13:50:05, 218, 113.5, 242.8, 0.480
13:50:06, 219, 113.5, 243.1, 0.439
13:50:07, 220, 113.1, 243.0, 0.480
13:50:08, 221, 113.3, 242.9, 0.484
13:50:09, 222, 141.5, 242.8, 0.746
13:50:10, 223, 161.2, 242.9, 0.690
13:50:11, 224, 190.1, 242.9, 0.867
13:50:12, 225, 209.2, 243.1, 0.867
13:50:13, 226, 208.8, 243.0, 0.856
13:50:14, 227, 208.7, 243.0, 0.863
13:50:15, 228, 208.7, 242.9, 0.871
13:50:16, 229, 208.8, 242.6, 0.881
13:50:17, 230, 209.2, 242.8, 0.882
13:50:18, 231, 209.4, 242.8, 0.879
13:50:19, 232, 209.8, 242.7, 0.883
13:50:20, 233, 210.2, 242.8, 0.883
13:50:21, 234, 210.3, 242.8, 0.881
13:50:22, 235, 210.6, 243.2, 0.887
13:50:23, 236, 210.8, 243.2, 0.879
13:50:24, 237, 211.0, 243.4, 0.878
13:50:25, 238, 211.1, 243.4, 0.881
13:50:26, 239, 211.2, 243.4, 0.880
13:50:27, 240, 211.2, 243.4, 0.882
13:50:28, 241, 211.3, 243.4, 0.876
13:50:29, 242, 211.3, 243.5, 0.861
13:50:30, 243, 211.1, 243.8, 0.871
13:50:31, 244, 210.6, 243.8, 0.865
13:50:32, 245, 210.4, 243.7, 0.867
13:50:33, 246, 210.3, 243.9, 0.871
13:50:34, 247, 210.2, 244.1, 0.868
13:50:35, 248, 210.1, 244.1, 0.863
13:50:36, 249, 210.2, 244.1, 0.878
13:50:37, 250, 209.9, 244.1, 0.873
13:50:38, 251, 210.2, 244.3, 0.881
13:50:39, 252, 170.6, 244.2, 0.484
13:50:40, 253, 114.9, 244.4, 0.477
13:50:41, 254, 114.3, 244.6, 0.415
13:50:42, 255, 114.0, 244.5, 0.475
13:50:43, 256, 108.4, 244.6, 0.479
13:50:44, 257, 114.3, 244.5, 0.480
13:50:45, 258, 179.3, 244.6, 0.756
13:50:46, 259, 179.5, 244.4, 0.869
13:50:47, 260, 208.5, 244.3, 0.852
13:50:48, 261, 208.7, 244.3, 0.880
13:50:49, 262, 215.9, 244.3, 0.895
13:50:50, 263, 216.3, 244.1, 0.909
13:50:51, 264, 216.5, 244.3, 0.901
13:50:52, 265, 216.7, 244.2, 0.909
13:50:53, 266, 216.9, 244.4, 0.913
13:50:54, 267, 217.3, 244.4, 0.912
13:50:55, 268, 217.5, 244.3, 0.908
13:50:56, 269, 217.8, 244.5, 0.913
13:50:57, 270, 217.9, 244.4, 0.910
13:50:58, 271, 218.2, 244.6, 0.912
13:50:59, 272, 218.7, 244.4, 0.916
13:51:00, 273, 218.9, 244.3, 0.910
13:51:01, 274, 219.1, 244.3, 0.911
13:51:02, 275, 219.3, 244.4, 0.912
13:51:03, 276, 219.5, 244.2, 0.914
13:51:04, 277, 219.6, 244.4, 0.913
13:51:05, 278, 219.8, 244.2, 0.920
13:51:06, 279, 220.1, 244.3, 0.912
13:51:07, 280, 220.1, 244.3, 0.914
13:51:08, 281, 220.3, 244.5, 0.923
13:51:09, 282, 220.4, 244.4, 0.920
13:51:10, 283, 220.5, 244.3, 0.915
13:51:11, 284, 220.6, 244.5, 0.911
13:51:12, 285, 220.6, 244.5, 0.911
13:51:13, 286, 220.6, 244.4, 0.917
13:51:14, 287, 220.6, 244.3, 0.918
13:51:15, 288, 153.3, 244.5, 0.474
13:51:16, 289, 109.6, 244.3, 0.489
13:51:17, 290, 114.7, 244.1, 0.498
13:51:18, 291, 114.7, 244.0, 0.489
13:51:19, 292, 114.4, 243.9, 0.485
13:51:20, 293, 114.3, 244.0, 0.490
13:51:21, 294, 185.0, 244.0, 0.853
13:51:22, 295, 211.0, 244.0, 0.934
13:51:23, 296, 226.4, 244.1, 0.942
13:51:24, 297, 226.5, 244.1, 0.947
13:51:25, 298, 226.5, 244.1, 0.937
13:51:26, 299, 226.5, 243.8, 0.942
13:51:27, 300, 226.6, 243.7, 0.935
13:51:28, 301, 226.5, 243.5, 0.946
13:51:29, 302, 226.5, 244.0, 0.939
13:51:30, 303, 226.5, 244.0, 0.942
13:51:31, 304, 233.3, 244.0, 0.990
13:51:32, 305, 227.6, 244.0, 0.942
13:51:33, 306, 227.6, 244.1, 0.942
13:51:34, 307, 227.6, 244.2, 0.940
13:51:35, 308, 227.7, 244.0, 0.947
13:51:36, 309, 227.7, 243.6, 0.939
13:51:37, 310, 227.6, 243.6, 0.944
13:51:38, 311, 227.5, 243.6, 0.952
13:51:39, 312, 227.6, 243.6, 0.945
13:51:40, 313, 227.7, 243.6, 0.941
13:51:41, 314, 227.6, 243.5, 0.950
13:51:42, 315, 227.5, 243.8, 0.941
13:51:43, 316, 227.4, 243.6, 0.941
13:51:44, 317, 227.4, 243.7, 0.945
13:51:45, 318, 227.4, 243.8, 0.943
13:51:46, 319, 227.5, 243.9, 0.947
13:51:47, 320, 227.5, 243.9, 0.943
13:51:48, 321, 227.5, 243.6, 0.957
13:51:49, 322, 227.5, 243.6, 0.945
13:51:50, 323, 227.5, 243.6, 0.947
13:51:51, 324, 170.4, 243.7, 0.486
13:51:52, 325, 113.7, 243.8, 0.502
13:51:53, 326, 113.9, 243.6, 0.485
13:51:54, 327, 114.0, 243.3, 0.482
13:51:55, 328, 113.9, 243.3, 0.484
13:51:56, 329, 103.9, 242.9, 0.484
13:51:57, 330, 147.2, 242.9, 0.991
13:51:58, 331, 236.2, 242.9, 0.992
13:51:59, 332, 230.7, 243.1, 0.966
13:52:00, 333, 231.0, 243.1, 0.968
13:52:01, 334, 231.6, 243.1, 0.976
13:52:02, 335, 232.0, 243.5, 0.978
13:52:03, 336, 232.3, 243.4, 0.971
13:52:04, 337, 232.7, 243.3, 0.977
13:52:05, 338, 232.9, 243.3, 0.978
13:52:06, 339, 233.2, 243.2, 0.978
13:52:07, 340, 233.3, 243.4, 0.976
13:52:08, 341, 233.5, 243.3, 0.976
13:52:09, 342, 233.7, 243.5, 0.973
13:52:10, 343, 233.8, 243.5, 0.972
13:52:11, 344, 234.0, 243.5, 0.975
13:52:12, 345, 234.1, 243.4, 0.984
13:52:13, 346, 234.2, 243.3, 0.984
13:52:14, 347, 234.3, 243.5, 0.975
13:52:15, 348, 234.4, 243.3, 0.968
13:52:16, 349, 234.4, 243.4, 0.969
13:52:17, 350, 234.4, 243.5, 0.976
13:52:18, 351, 234.5, 243.3, 0.974
13:52:19, 352, 234.4, 243.4, 0.978
13:52:20, 353, 234.6, 243.2, 0.979
13:52:21, 354, 234.8, 243.1, 0.984
13:52:22, 355, 235.0, 243.3, 0.986
13:52:23, 356, 235.0, 243.5, 0.977
13:52:24, 357, 235.0, 243.6, 0.972
13:52:25, 358, 235.1, 243.6, 0.977
13:52:26, 359, 235.1, 243.6, 0.981
13:52:27, 360, 225.6, 243.5, 0.631
13:52:28, 361, 118.1, 243.8, 0.488
13:52:29, 362, 118.0, 243.9, 0.497
13:52:30, 363, 117.9, 243.8, 0.487
13:52:31, 364, 117.7, 243.7, 0.492
13:52:32, 365, 117.6, 243.9, 0.497
13:52:33, 366, 169.9, 243.9, 0.876
13:52:34, 367, 220.9, 243.9, 0.921
13:52:35, 368, 237.6, 243.7, 0.999
13:52:36, 369, 238.0, 243.6, 0.993
13:52:37, 370, 238.3, 243.7, 1.003
13:52:38, 371, 238.6, 243.8, 1.009
13:52:39, 372, 238.9, 244.0, 0.999
13:52:40, 373, 239.3, 244.0, 1.000
13:52:41, 374, 239.6, 243.9, 0.995
13:52:42, 375, 239.8, 243.9, 1.005
13:52:43, 376, 239.9, 243.9, 0.995
13:52:44, 377, 239.8, 244.0, 0.994
13:52:45, 378, 239.6, 244.2, 0.989
13:52:46, 379, 239.4, 244.0, 0.992
13:52:47, 380, 239.5, 244.0, 0.998
13:52:48, 381, 239.5, 244.0, 0.991
13:52:49, 382, 239.5, 244.2, 0.999
13:52:50, 383, 239.6, 244.1, 1.001
13:52:51, 384, 239.7, 244.0, 1.000
13:52:52, 385, 239.8, 244.1, 0.996
13:52:53, 386, 240.0, 244.2, 0.994
13:52:54, 387, 240.1, 244.0, 0.989
13:52:55, 388, 240.0, 243.9, 0.995
13:52:56, 389, 240.0, 244.0, 1.003
13:52:57, 390, 240.2, 244.1, 0.999
13:52:58, 391, 240.3, 244.0, 0.999
13:52:59, 392, 240.4, 243.9, 0.997
13:53:00, 393, 240.5, 244.1, 0.997
13:53:01, 394, 240.2, 244.1, 0.972
13:53:02, 395, 239.6, 244.1, 0.979
13:53:03, 396, 207.3, 244.2, 0.507
13:53:04, 397, 113.1, 244.4, 0.485
13:53:05, 398, 113.4, 244.4, 0.482
13:53:06, 399, 113.7, 244.2, 0.489
13:53:07, 400, 113.9, 244.3, 0.468
13:53:08, 401, 113.6, 244.0, 0.477
13:53:09, 402, 202.0, 243.8, 1.030
13:53:10, 403, 247.6, 243.8, 1.006
13:53:11, 404, 246.9, 243.5, 1.006
13:53:12, 405, 246.8, 243.5, 1.023
13:53:13, 406, 246.5, 243.4, 1.014
13:53:14, 407, 246.3, 243.3, 1.014
13:53:15, 408, 246.0, 243.2, 1.013
13:53:16, 409, 245.7, 243.1, 1.018
13:53:17, 410, 245.7, 243.1, 1.022
13:53:18, 411, 245.6, 243.3, 1.011
13:53:19, 412, 245.5, 243.2, 1.020
13:53:20, 413, 245.4, 243.3, 1.013
13:53:21, 414, 245.3, 243.0, 1.023
13:53:22, 415, 245.5, 243.2, 1.029
13:53:23, 416, 245.4, 243.1, 1.015
13:53:24, 417, 245.4, 243.4, 1.017
13:53:25, 418, 245.5, 243.4, 1.027
13:53:26, 419, 245.6, 243.3, 1.014
13:53:27, 420, 245.7, 243.4, 1.022
13:53:28, 421, 245.6, 243.4, 1.014
13:53:29, 422, 245.5, 243.6, 1.014
13:53:30, 423, 245.5, 243.6, 1.015
13:53:31, 424, 245.4, 243.4, 1.021
13:53:32, 425, 245.5, 243.5, 1.019
13:53:33, 426, 245.5, 243.3, 1.017
13:53:34, 427, 245.4, 243.6, 1.015
13:53:35, 428, 245.3, 243.5, 1.018
13:53:36, 429, 245.4, 243.5, 1.019
13:53:37, 430, 245.4, 243.2, 1.023
13:53:38, 431, 245.4, 243.3, 1.025
13:53:39, 432, 192.9, 243.6, 0.495
13:53:40, 433, 116.9, 243.4, 0.488
13:53:41, 434, 116.5, 243.3, 0.495
13:53:42, 435, 116.3, 243.4, 0.576
13:53:43, 436, 170.8, 243.2, 0.874
13:53:44, 437, 227.2, 243.3, 0.969
13:53:45, 438, 246.1, 243.1, 1.043
13:53:46, 439, 251.2, 243.1, 1.044
13:53:47, 440, 251.2, 243.4, 1.045
13:53:48, 441, 251.5, 243.2, 1.056
13:53:49, 442, 251.6, 243.4, 1.029
13:53:50, 443, 251.4, 243.5, 1.040
13:53:51, 444, 251.4, 243.4, 1.046
13:53:52, 445, 251.3, 243.5, 1.049
13:53:53, 446, 251.5, 243.5, 1.037
13:53:54, 447, 251.4, 243.5, 1.041
13:53:55, 448, 251.4, 243.6, 1.038
13:53:56, 449, 251.3, 243.6, 1.039
13:53:57, 450, 251.2, 243.5, 1.040
13:53:58, 451, 251.2, 243.6, 1.042
13:53:59, 452, 251.3, 243.6, 1.045
13:54:00, 453, 251.4, 243.4, 1.042
13:54:01, 454, 251.5, 243.4, 1.047
13:54:02, 455, 251.5, 243.6, 1.050
13:54:03, 456, 251.4, 243.6, 1.040
13:54:04, 457, 251.3, 243.5, 1.044
13:54:05, 458, 251.4, 243.3, 1.040
13:54:06, 459, 251.4, 243.6, 1.047
13:54:07, 460, 251.5, 243.3, 1.049
13:54:08, 461, 251.5, 243.1, 1.048
13:54:09, 462, 251.6, 243.3, 1.044
13:54:10, 463, 251.6, 243.3, 1.047
13:54:11, 464, 251.6, 243.3, 1.047
13:54:12, 465, 251.8, 243.4, 1.045
13:54:13, 466, 230.7, 243.5, 0.560
13:54:14, 467, 116.1, 243.6, 0.491
13:54:15, 468, 116.3, 243.5, 0.491
13:54:16, 469, 116.2, 243.3, 0.429
13:54:17, 470, 100.3, 243.3, 0.494
13:54:18, 471, 212.2, 243.5, 0.860
13:54:19, 472, 212.7, 243.5, 1.049
13:54:20, 473, 254.5, 243.4, 1.047
13:54:21, 474, 254.4, 243.4, 1.062
13:54:22, 475, 254.7, 243.3, 1.069
13:54:23, 476, 255.1, 243.3, 1.063
13:54:24, 477, 255.2, 243.6, 1.059
13:54:25, 478, 255.3, 243.4, 1.067
13:54:26, 479, 255.6, 243.4, 1.067
13:54:27, 480, 255.9, 243.5, 1.057
13:54:28, 481, 256.0, 243.5, 1.073
13:54:29, 482, 256.2, 243.3, 1.066
13:54:30, 483, 256.5, 243.3, 1.066
13:54:31, 484, 256.7, 243.5, 1.069
13:54:32, 485, 256.9, 243.3, 1.073
13:54:33, 486, 257.0, 243.2, 1.069
13:54:34, 487, 257.2, 243.4, 1.070
13:54:35, 488, 257.5, 243.1, 1.070
13:54:36, 489, 257.6, 243.0, 1.074
13:54:37, 490, 257.9, 243.1, 1.080
13:54:38, 491, 258.1, 243.3, 1.086
13:54:39, 492, 258.5, 243.2, 1.078
13:54:40, 493, 258.9, 243.4, 1.082
13:54:41, 494, 259.2, 243.4, 1.086
13:54:42, 495, 259.4, 243.4, 1.082
13:54:43, 496, 259.8, 243.5, 1.076
13:54:44, 497, 259.9, 243.6, 1.082
13:54:45, 498, 260.1, 243.6, 1.084
13:54:46, 499, 260.2, 243.8, 1.077
13:54:47, 500, 260.3, 244.2, 1.077
13:54:48, 501, 178.7, 244.5, 0.505
13:54:49, 502, 114.5, 244.3, 0.425
13:54:50, 503, 114.5, 244.2, 0.496
13:54:51, 504, 115.0, 244.3, 0.446
13:54:52, 505, 191.5, 244.1, 1.131
13:54:53, 506, 272.1, 244.1, 1.096
13:54:54, 507, 265.0, 243.9, 1.097
13:54:55, 508, 265.0, 244.0, 1.087
13:54:56, 509, 264.9, 244.2, 1.094
13:54:57, 510, 264.7, 244.1, 1.089
13:54:58, 511, 264.8, 243.9, 1.097
13:54:59, 512, 264.9, 243.9, 1.102
13:55:00, 513, 265.0, 243.9, 1.096
13:55:01, 514, 264.9, 244.0, 1.096
13:55:02, 515, 265.0, 244.0, 1.094
13:55:03, 516, 265.0, 244.1, 1.093
13:55:04, 517, 264.9, 244.0, 1.093
13:55:05, 518, 265.0, 244.3, 1.096
13:55:06, 519, 265.0, 244.2, 1.088
13:55:07, 520, 264.8, 244.3, 1.091
13:55:08, 521, 264.7, 244.0, 1.097
13:55:09, 522, 264.8, 244.0, 1.094
13:55:10, 523, 264.9, 244.0, 1.100
13:55:11, 524, 265.0, 244.2, 1.094
13:55:12, 525, 264.9, 244.2, 1.094
13:55:13, 526, 264.9, 244.2, 1.092
13:55:14, 527, 264.9, 244.0, 1.094
13:55:15, 528, 264.9, 244.2, 1.094
13:55:16, 529, 265.0, 244.3, 1.091
13:55:17, 530, 264.9, 244.4, 1.086
13:55:18, 531, 264.9, 244.4, 1.096
13:55:19, 532, 264.8, 244.2, 1.097
13:55:20, 533, 264.8, 244.4, 1.087
13:55:21, 534, 264.7, 244.4, 1.090
13:55:22, 535, 239.0, 244.7, 0.557
13:55:23, 536, 118.5, 244.6, 0.496
13:55:24, 537, 118.7, 244.4, 0.504
13:55:25, 538, 118.8, 244.5, 0.448
13:55:26, 539, 110.0, 244.4, 0.493
13:55:27, 540, 214.2, 244.1, 1.019
13:55:28, 541, 255.1, 244.1, 1.100
13:55:29, 542, 265.4, 244.0, 1.087
13:55:30, 543, 264.8, 244.1, 1.077
13:55:31, 544, 264.4, 244.1, 1.086
13:55:32, 545, 264.4, 244.0, 1.099
13:55:33, 546, 264.6, 244.1, 1.098
13:55:34, 547, 264.8, 244.1, 1.100
13:55:35, 548, 265.0, 243.9, 1.101
13:55:36, 549, 265.3, 243.8, 1.109
13:55:37, 550, 265.8, 243.8, 1.109
13:55:38, 551, 265.7, 243.9, 1.091
13:55:39, 552, 265.2, 244.1, 1.087
13:55:40, 553, 265.3, 244.1, 1.105
13:55:41, 554, 265.5, 244.1, 1.101
13:55:42, 555, 265.9, 243.9, 1.116
13:55:43, 556, 266.2, 244.0, 1.103
13:55:44, 557, 266.3, 244.1, 1.100
13:55:45, 558, 266.4, 243.9, 1.102
13:55:46, 559, 266.3, 243.8, 1.104
13:55:47, 560, 266.3, 244.1, 1.102
13:55:48, 561, 266.4, 244.1, 1.108
13:55:49, 562, 266.5, 244.1, 1.102
13:55:50, 563, 266.7, 244.0, 1.115
13:55:51, 564, 266.7, 244.1, 1.102
13:55:52, 565, 266.7, 244.2, 1.102
13:55:53, 566, 266.9, 244.1, 1.110
13:55:54, 567, 274.4, 244.1, 1.107
13:55:55, 568, 267.5, 244.0, 1.106
13:55:56, 569, 267.4, 244.1, 1.104
13:55:57, 570, 211.6, 244.4, 0.515
13:55:58, 571, 121.6, 244.5, 0.512
13:55:59, 572, 121.5, 244.2, 0.506
13:56:00, 573, 110.6, 244.1, 0.497
13:56:01, 574, 135.6, 243.8, 1.021
13:56:02, 575, 226.0, 244.2, 0.946
13:56:03, 576, 239.6, 244.0, 1.087
13:56:04, 577, 268.1, 243.9, 1.122
13:56:05, 578, 268.5, 243.7, 1.119
13:56:06, 579, 268.9, 243.8, 1.122
13:56:07, 580, 269.1, 244.0, 1.117
13:56:08, 581, 269.4, 244.0, 1.124
13:56:09, 582, 269.7, 244.2, 1.124
13:56:10, 583, 269.9, 244.3, 1.127
13:56:11, 584, 270.0, 244.0, 1.118
13:56:12, 585, 270.2, 244.2, 1.122
13:56:13, 586, 270.3, 244.4, 1.120
13:56:14, 587, 270.5, 244.2, 1.120
13:56:15, 588, 270.6, 244.4, 1.121
13:56:16, 589, 270.8, 244.0, 1.122
13:56:17, 590, 270.8, 244.0, 1.121
13:56:18, 591, 270.9, 244.2, 1.123
13:56:19, 592, 271.1, 244.1, 1.121
13:56:20, 593, 271.2, 244.3, 1.131
13:56:21, 594, 271.3, 244.2, 1.126
13:56:22, 595, 271.5, 243.9, 1.124
13:56:23, 596, 271.7, 244.1, 1.128
13:56:24, 597, 271.5, 243.8, 1.112
13:56:25, 598, 271.4, 244.0, 1.118
13:56:26, 599, 271.4, 244.0, 1.122
13:56:27, 600, 271.5, 243.9, 1.124
13:56:28, 601, 271.6, 243.9, 1.129
13:56:29, 602, 271.7, 243.9, 1.132
13:56:30, 603, 271.9, 244.0, 1.131
13:56:31, 604, 271.7, 243.9, 1.064
13:56:32, 605, 166.7, 244.4, 0.497
13:56:33, 606, 116.9, 244.4, 0.500
13:56:34, 607, 111.2, 244.4, 0.492
13:56:35, 608, 118.5, 244.3, 0.488
13:56:36, 609, 118.2, 244.3, 0.501
13:56:37, 610, 231.9, 244.1, 1.000
13:56:38, 611, 248.6, 244.1, 1.121
13:56:39, 612, 273.8, 243.9, 1.131
13:56:40, 613, 273.9, 244.2, 1.148
13:56:41, 614, 274.0, 244.0, 1.140
13:56:42, 615, 274.2, 244.2, 1.122
13:56:43, 616, 274.3, 244.2, 1.142
13:56:44, 617, 274.3, 244.1, 1.139
13:56:45, 618, 274.2, 244.3, 1.133
13:56:46, 619, 274.0, 244.0, 1.122
13:56:47, 620, 274.1, 244.0, 1.135
13:56:48, 621, 274.3, 244.2, 1.150
13:56:49, 622, 274.7, 244.1, 1.136
13:56:50, 623, 274.9, 244.2, 1.149
13:56:51, 624, 275.1, 244.0, 1.138
13:56:52, 625, 275.3, 243.9, 1.146
13:56:53, 626, 275.5, 244.1, 1.147
13:56:54, 627, 275.7, 243.8, 1.143
13:56:55, 628, 275.8, 243.8, 1.144
13:56:56, 629, 275.9, 244.0, 1.145
13:56:57, 630, 276.1, 243.6, 1.147
13:56:58, 631, 276.1, 243.8, 1.145
13:56:59, 632, 276.2, 243.8, 1.149
13:57:00, 633, 276.3, 243.6, 1.146
13:57:01, 634, 276.2, 243.7, 1.134
13:57:02, 635, 276.2, 243.8, 1.149
13:57:03, 636, 276.3, 243.7, 1.149
13:57:04, 637, 276.4, 243.5, 1.145
13:57:05, 638, 276.4, 243.8, 1.143
13:57:06, 639, 276.4, 243.7, 1.150
13:57:07, 640, 209.2, 244.1, 0.425
13:57:08, 641, 114.3, 243.9, 0.509
13:57:09, 642, 121.4, 244.1, 0.496
13:57:10, 643, 113.7, 243.8, 0.436
13:57:11, 644, 106.6, 244.1, 0.469
13:57:12, 645, 146.0, 243.4, 1.249
13:57:13, 646, 274.2, 243.8, 1.088
13:57:14, 647, 274.1, 243.7, 1.156
13:57:15, 648, 280.1, 243.5, 1.164
13:57:16, 649, 280.3, 243.9, 1.173
13:57:17, 650, 280.7, 243.9, 1.175
13:57:18, 651, 281.2, 244.1, 1.172
13:57:19, 652, 281.4, 243.9, 1.166
13:57:20, 653, 281.5, 243.8, 1.163
13:57:21, 654, 281.4, 244.1, 1.164
13:57:22, 655, 281.4, 244.1, 1.167
13:57:23, 656, 281.8, 244.2, 1.179
13:57:24, 657, 282.1, 244.1, 1.174
13:57:25, 658, 282.0, 244.0, 1.164
13:57:26, 659, 281.8, 243.9, 1.166
13:57:27, 660, 281.7, 244.0, 1.165
13:57:28, 661, 281.6, 243.7, 1.168
13:57:29, 662, 281.6, 243.9, 1.173
13:57:30, 663, 281.6, 243.9, 1.163
13:57:31, 664, 281.6, 243.8, 1.165
13:57:32, 665, 281.6, 244.1, 1.162
13:57:33, 666, 281.6, 244.0, 1.169
13:57:34, 667, 281.6, 244.1, 1.165
13:57:35, 668, 281.7, 244.0, 1.173
13:57:36, 669, 281.8, 243.8, 1.169
13:57:37, 670, 281.8, 243.7, 1.160
13:57:38, 671, 281.8, 244.0, 1.173
13:57:39, 672, 282.0, 243.9, 1.174
13:57:40, 673, 282.0, 243.6, 1.164
13:57:41, 674, 282.0, 243.6, 1.166
13:57:42, 675, 281.7, 243.5, 1.099
13:57:43, 676, 155.3, 244.1, 0.499
13:57:44, 677, 114.1, 243.9, 0.498
13:57:45, 678, 114.6, 244.1, 0.497
13:57:46, 679, 114.9, 244.0, 0.489
13:57:47, 680, 114.9, 243.8, 0.495
13:57:48, 681, 115.3, 243.8, 0.496
13:57:49, 682, 242.7, 243.4, 1.249
13:57:50, 683, 304.2, 243.5, 1.188
13:57:51, 684, 287.6, 243.3, 1.194
13:57:52, 685, 287.8, 243.4, 1.195
13:57:53, 686, 288.1, 243.6, 1.203
13:57:54, 687, 288.5, 243.5, 1.204
13:57:55, 688, 288.8, 243.6, 1.202
13:57:56, 689, 288.9, 243.5, 1.200
13:57:57, 690, 288.9, 243.6, 1.191
13:57:58, 691, 288.8, 243.7, 1.191
13:57:59, 692, 288.6, 243.6, 1.195
13:58:00, 693, 288.7, 243.6, 1.215
13:58:01, 694, 289.2, 243.6, 1.213
13:58:02, 695, 289.4, 243.3, 1.182
13:58:03, 696, 289.1, 243.4, 1.197
13:58:04, 697, 289.1, 243.2, 1.203
13:58:05, 698, 296.9, 243.3, 1.239
13:58:06, 699, 290.2, 243.4, 1.201
13:58:07, 700, 289.9, 243.3, 1.195
13:58:08, 701, 289.8, 243.5, 1.204
13:58:09, 702, 289.9, 243.4, 1.211
13:58:10, 703, 290.2, 243.6, 1.205
13:58:11, 704, 290.2, 243.6, 1.195
13:58:12, 705, 290.3, 243.6, 1.214
13:58:13, 706, 290.4, 243.7, 1.197
13:58:14, 707, 290.4, 243.8, 1.212
13:58:15, 708, 290.5, 244.0, 1.212
13:58:16, 709, 290.6, 244.0, 1.206
13:58:17, 710, 290.6, 243.7, 1.202
13:58:18, 711, 290.6, 243.8, 1.208
13:58:19, 712, 239.6, 244.0, 0.544
13:58:20, 713, 119.8, 243.9, 0.496
13:58:21, 714, 119.9, 243.8, 0.528
13:58:22, 715, 120.2, 243.9, 0.503
13:58:23, 716, 120.4, 243.9, 0.506
13:58:24, 717, 120.5, 244.0, 0.511
13:58:25, 718, 120.4, 244.1, 0.501
13:58:26, 719, 113.5, 244.0, 0.511
13:58:27, 720, 136.2, 243.7, 1.219
13:58:28, 721, 316.2, 244.0, 1.307
13:58:29, 722, 302.8, 243.8, 1.226
13:58:30, 723, 294.9, 243.8, 1.232
13:58:31, 724, 295.0, 243.7, 1.221
13:58:32, 725, 295.2, 243.9, 1.227
13:58:33, 726, 295.2, 243.7, 1.231
13:58:34, 727, 295.3, 243.7, 1.225
13:58:35, 728, 295.4, 243.7, 1.215
13:58:36, 729, 295.3, 243.5, 1.222
13:58:37, 730, 294.9, 243.8, 1.214
13:58:38, 731, 294.9, 243.7, 1.224
13:58:39, 732, 295.0, 243.9, 1.233
13:58:40, 733, 295.0, 243.9, 1.215
13:58:41, 734, 295.0, 243.8, 1.210
13:58:42, 735, 294.8, 244.0, 1.219
13:58:43, 736, 294.5, 243.8, 1.215
13:58:44, 737, 294.3, 243.6, 1.216
13:58:45, 738, 294.0, 243.5, 1.212
13:58:46, 739, 293.8, 243.6, 1.211
13:58:47, 740, 293.6, 243.6, 1.220
13:58:48, 741, 293.4, 243.6, 1.205
13:58:49, 742, 293.2, 243.6, 1.205
13:58:50, 743, 293.1, 243.5, 1.211
13:58:51, 744, 292.9, 243.5, 1.208
13:58:52, 745, 292.7, 243.6, 1.207
13:58:53, 746, 292.7, 243.6, 1.213
13:58:54, 747, 292.7, 243.5, 1.215
13:58:55, 748, 292.7, 243.5, 1.211
13:58:56, 749, 292.7, 243.4, 1.218
13:58:57, 750, 292.5, 243.4, 1.148
13:58:58, 751, 181.3, 243.8, 0.493
13:58:59, 752, 116.1, 243.8, 0.500
13:59:00, 753, 106.4, 244.1, 0.484
13:59:01, 754, 119.2, 244.0, 0.485
13:59:02, 755, 192.3, 243.6, 1.181
13:59:03, 756, 289.4, 243.6, 1.208
13:59:04, 757, 289.8, 243.9, 1.215
13:59:05, 758, 297.1, 243.9, 1.236
13:59:06, 759, 297.5, 243.7, 1.242
13:59:07, 760, 298.0, 243.9, 1.241
13:59:08, 761, 298.0, 243.7, 1.232
13:59:09, 762, 298.1, 243.6, 1.230
13:59:10, 763, 298.3, 243.4, 1.242
13:59:11, 764, 298.3, 243.6, 1.231
13:59:12, 765, 298.3, 243.5, 1.222
13:59:13, 766, 298.2, 243.5, 1.227
13:59:14, 767, 298.0, 243.5, 1.229
13:59:15, 768, 297.7, 243.6, 1.237
13:59:16, 769, 297.9, 243.5, 1.240
13:59:17, 770, 297.8, 243.4, 1.223
13:59:18, 771, 297.6, 243.5, 1.228
13:59:19, 772, 297.5, 243.5, 1.227
13:59:19, 773, 297.2, 243.2, 1.223
13:59:20, 774, 297.1, 243.2, 1.230
13:59:21, 775, 297.0, 243.5, 1.226
13:59:22, 776, 296.9, 243.4, 1.229
13:59:23, 777, 296.7, 243.4, 1.221
13:59:24, 778, 296.4, 243.0, 1.221
13:59:25, 779, 296.3, 243.1, 1.226
13:59:26, 780, 296.2, 243.2, 1.228
13:59:27, 781, 296.1, 243.3, 1.224
13:59:28, 782, 296.1, 243.4, 1.229
13:59:29, 783, 296.1, 243.2, 1.230
13:59:30, 784, 296.2, 243.2, 1.227
13:59:31, 785, 290.6, 243.5, 1.146
13:59:32, 786, 128.5, 244.0, 0.504
13:59:33, 787, 121.8, 243.9, 0.506
13:59:34, 788, 121.3, 243.9, 0.511
13:59:35, 789, 161.0, 243.3, 1.085
13:59:36, 790, 268.7, 243.5, 1.187
13:59:37, 791, 295.1, 243.5, 1.246
13:59:38, 792, 295.6, 243.5, 1.240
13:59:39, 793, 296.1, 243.6, 1.239
13:59:40, 794, 296.6, 243.7, 1.240
13:59:41, 795, 296.9, 244.0, 1.233
13:59:42, 796, 297.0, 244.0, 1.238
13:59:43, 797, 297.3, 244.1, 1.237
13:59:44, 798, 297.4, 244.0, 1.232
13:59:45, 799, 297.6, 244.2, 1.241
13:59:46, 800, 297.7, 244.0, 1.234
13:59:47, 801, 297.8, 244.1, 1.236
13:59:48, 802, 298.0, 243.9, 1.237
13:59:49, 803, 298.2, 243.8, 1.239
13:59:50, 804, 298.3, 243.7, 1.236
13:59:51, 805, 298.5, 243.5, 1.236
13:59:52, 806, 298.6, 243.6, 1.240
13:59:53, 807, 298.6, 243.8, 1.241
13:59:54, 808, 298.8, 243.5, 1.236
13:59:55, 809, 298.8, 243.6, 1.240
13:59:56, 810, 299.0, 243.7, 1.241
13:59:57, 811, 299.1, 243.8, 1.239
13:59:58, 812, 299.2, 243.7, 1.241
13:59:59, 813, 299.3, 243.6, 1.239
14:00:00, 814, 299.4, 243.8, 1.245
14:00:01, 815, 299.5, 243.8, 1.237
14:00:02, 816, 299.6, 243.8, 1.218
14:00:03, 817, 299.3, 243.8, 1.236
14:00:04, 818, 299.3, 243.8, 1.242
14:00:05, 819, 298.9, 243.6, 1.213
14:00:06, 820, 185.6, 244.0, 0.579
14:00:07, 821, 124.0, 244.1, 0.452
14:00:08, 822, 118.1, 243.8, 0.502
14:00:09, 823, 118.3, 243.7, 0.727
14:00:10, 824, 318.3, 243.7, 1.385
14:00:11, 825, 318.6, 243.6, 1.252
14:00:12, 826, 304.8, 243.5, 1.272
14:00:13, 827, 305.0, 243.7, 1.257
14:00:14, 828, 304.8, 243.6, 1.265
14:00:15, 829, 305.1, 243.4, 1.285
14:00:16, 830, 305.3, 243.3, 1.259
14:00:17, 831, 305.0, 243.5, 1.258
14:00:18, 832, 305.0, 243.6, 1.258
14:00:19, 833, 305.3, 243.6, 1.271
14:00:20, 834, 305.5, 243.6, 1.261
14:00:21, 835, 305.0, 243.7, 1.236
14:00:22, 836, 304.5, 243.5, 1.252
14:00:23, 837, 304.5, 243.4, 1.267
14:00:24, 838, 304.7, 243.6, 1.260
14:00:25, 839, 304.4, 243.5, 1.253
14:00:26, 840, 304.5, 243.7, 1.266
14:00:27, 841, 304.6, 243.6, 1.260
14:00:28, 842, 304.6, 243.5, 1.264
14:00:29, 843, 304.7, 243.6, 1.260
14:00:30, 844, 305.0, 243.7, 1.267
14:00:31, 845, 305.0, 243.7, 1.262
14:00:32, 846, 305.1, 243.6, 1.264
14:00:33, 847, 305.2, 243.4, 1.266
14:00:34, 848, 305.2, 243.5, 1.265
14:00:35, 849, 305.3, 243.5, 1.268
14:00:36, 850, 305.0, 243.0, 1.266
14:00:37, 851, 305.1, 243.1, 1.270
14:00:38, 852, 305.0, 243.2, 1.257
14:00:39, 853, 304.9, 243.1, 1.214
14:00:40, 854, 220.3, 243.8, 0.509
14:00:41, 855, 121.6, 243.7, 0.504
14:00:42, 856, 121.1, 243.7, 0.435
14:00:43, 857, 112.7, 243.5, 0.499
14:00:44, 858, 150.8, 243.4, 1.207
14:00:45, 859, 279.7, 243.4, 1.213
14:00:46, 860, 302.6, 243.1, 1.276
14:00:47, 861, 309.1, 243.2, 1.294
14:00:48, 862, 309.2, 243.3, 1.288
14:00:49, 863, 309.4, 243.3, 1.287
14:00:50, 864, 309.7, 243.3, 1.280
14:00:51, 865, 309.6, 243.1, 1.281
14:00:52, 866, 309.5, 243.1, 1.287
14:00:53, 867, 309.3, 243.2, 1.280
14:00:54, 868, 309.2, 243.3, 1.274
14:00:55, 869, 309.0, 243.1, 1.275
14:00:56, 870, 308.9, 243.2, 1.275
14:00:57, 871, 308.8, 243.0, 1.275
14:00:58, 872, 308.7, 243.3, 1.278
14:00:59, 873, 308.6, 243.3, 1.280
14:01:00, 874, 308.7, 242.8, 1.272
14:01:01, 875, 308.6, 243.1, 1.279
14:01:02, 876, 308.7, 243.3, 1.278
14:01:03, 877, 308.8, 243.4, 1.279
14:01:04, 878, 308.8, 243.4, 1.277
14:01:05, 879, 308.7, 243.3, 1.277
14:01:06, 880, 308.7, 243.5, 1.277
14:01:07, 881, 308.8, 243.5, 1.280
14:01:08, 882, 308.7, 243.3, 1.283
14:01:09, 883, 308.8, 243.6, 1.279
14:01:10, 884, 308.9, 243.7, 1.279
14:01:11, 885, 308.9, 243.6, 1.276
14:01:12, 886, 309.0, 243.6, 1.281
14:01:13, 887, 309.1, 243.6, 1.281
14:01:14, 888, 308.7, 243.2, 1.250
14:01:15, 889, 194.3, 243.4, 0.518
14:01:16, 890, 120.4, 243.4, 0.437
14:01:17, 891, 120.1, 243.4, 0.505
14:01:18, 892, 113.9, 243.3, 0.479
14:01:19, 893, 114.3, 243.5, 0.563
14:01:20, 894, 309.1, 242.9, 1.429
14:01:21, 895, 340.0, 243.1, 1.311
14:01:22, 896, 314.2, 243.0, 1.308
14:01:23, 897, 314.3, 242.9, 1.315
14:01:24, 898, 314.8, 242.8, 1.332
14:01:25, 899, 315.1, 242.9, 1.316
14:01:26, 900, 315.4, 242.9, 1.322
14:01:27, 901, 315.5, 242.9, 1.313
14:01:28, 902, 315.6, 242.9, 1.307
14:01:29, 903, 315.4, 243.1, 1.299
14:01:30, 904, 315.3, 243.0, 1.308
14:01:31, 905, 315.5, 243.2, 1.321
14:01:32, 906, 315.5, 243.2, 1.303
14:01:33, 907, 315.4, 243.1, 1.304
14:01:34, 908, 315.3, 243.1, 1.302
14:01:35, 909, 315.2, 242.8, 1.308
14:01:36, 910, 315.2, 243.1, 1.304
14:01:37, 911, 315.2, 242.8, 1.305
14:01:38, 912, 315.0, 242.8, 1.307
14:01:39, 913, 314.8, 243.0, 1.301
14:01:40, 914, 314.6, 243.0, 1.299
14:01:41, 915, 314.3, 242.9, 1.295
14:01:42, 916, 314.2, 243.1, 1.301
14:01:43, 917, 314.2, 243.0, 1.307
14:01:44, 918, 314.2, 243.1, 1.301
14:01:45, 919, 314.1, 243.1, 1.297
14:01:46, 920, 314.1, 243.1, 1.308
14:01:47, 921, 314.0, 243.2, 1.304
14:01:48, 922, 314.0, 243.2, 1.295
14:01:49, 923, 313.9, 243.2, 1.294
14:01:50, 924, 248.6, 243.6, 0.482
14:01:51, 925, 115.3, 243.4, 0.512
14:01:52, 926, 115.8, 243.6, 0.510
14:01:53, 927, 116.4, 243.6, 0.499
14:01:54, 928, 116.6, 243.5, 0.497
14:01:55, 929, 187.4, 242.8, 1.321
14:01:56, 930, 331.1, 243.0, 1.423
14:01:57, 931, 323.1, 242.9, 1.309
14:01:58, 932, 316.8, 243.1, 1.315
14:01:59, 933, 316.7, 243.0, 1.308
14:02:00, 934, 316.6, 242.9, 1.311
14:02:01, 935, 316.5, 242.8, 1.315
14:02:02, 936, 316.5, 243.0, 1.303
14:02:03, 937, 316.3, 242.8, 1.307
14:02:04, 938, 316.3, 243.1, 1.318
14:02:05, 939, 316.3, 242.6, 1.318
14:02:06, 940, 316.5, 243.0, 1.313
14:02:07, 941, 316.7, 243.0, 1.320
14:02:08, 942, 316.9, 243.1, 1.323
14:02:09, 943, 316.9, 243.1, 1.297
14:02:10, 944, 316.8, 243.1, 1.312
14:02:11, 945, 316.8, 243.1, 1.315
14:02:12, 946, 316.7, 243.3, 1.317
14:02:13, 947, 316.8, 243.3, 1.319
14:02:14, 948, 316.8, 243.3, 1.318
14:02:15, 949, 316.9, 243.2, 1.317
14:02:16, 950, 316.9, 243.3, 1.316
14:02:17, 951, 316.8, 243.0, 1.321
14:02:18, 952, 317.0, 243.3, 1.318
14:02:19, 953, 317.1, 243.1, 1.316
14:02:20, 954, 317.1, 243.1, 1.321
14:02:21, 955, 317.2, 243.2, 1.325
14:02:22, 956, 317.4, 242.9, 1.328
14:02:23, 957, 317.7, 243.1, 1.329
14:02:24, 958, 317.9, 242.9, 1.326
14:02:25, 959, 317.3, 242.7, 1.264
14:02:26, 960, 173.2, 243.3, 0.612
14:02:27, 961, 137.4, 243.2, 0.514
14:02:28, 962, 121.0, 243.1, 0.504
14:02:29, 963, 120.7, 243.0, 0.514
14:02:30, 964, 269.5, 242.8, 1.322
14:02:31, 965, 327.8, 242.7, 1.360
14:02:32, 966, 327.3, 242.8, 1.338
14:02:33, 967, 322.1, 242.9, 1.331
14:02:34, 968, 321.9, 242.8, 1.329
14:02:35, 969, 321.8, 242.8, 1.334
14:02:36, 970, 321.7, 242.7, 1.332
14:02:37, 971, 321.7, 242.8, 1.331
14:02:38, 972, 321.6, 242.7, 1.337
14:02:39, 973, 321.5, 242.9, 1.332
14:02:40, 974, 321.5, 242.7, 1.334
14:02:41, 975, 321.6, 243.0, 1.334
14:02:42, 976, 321.5, 242.8, 1.333
14:02:43, 977, 321.5, 242.5, 1.331
14:02:44, 978, 321.5, 242.6, 1.340
14:02:45, 979, 321.5, 242.5, 1.338
14:02:46, 980, 321.6, 242.6, 1.335
14:02:47, 981, 321.6, 242.8, 1.340
14:02:48, 982, 321.7, 242.8, 1.338
14:02:49, 983, 321.7, 242.8, 1.333
14:02:50, 984, 321.7, 242.8, 1.337
14:02:51, 985, 321.8, 242.9, 1.336
14:02:52, 986, 321.9, 242.8, 1.344
14:02:53, 987, 321.9, 242.8, 1.337
14:02:54, 988, 322.0, 242.9, 1.338
14:02:55, 989, 322.0, 242.9, 1.341
14:02:56, 990, 322.2, 243.0, 1.335
14:02:57, 991, 322.2, 242.9, 1.335
14:02:58, 992, 322.3, 243.0, 1.338
14:02:59, 993, 322.3, 243.1, 1.337
14:03:00, 994, 295.7, 243.2, 0.617
14:03:01, 995, 115.1, 243.4, 0.514
14:03:02, 996, 121.2, 243.1, 0.513
14:03:03, 997, 114.7, 243.1, 0.486
14:03:04, 998, 114.6, 243.3, 0.506
14:03:05, 999, 298.1, 242.6, 1.433
14:03:06, 1000, 345.3, 242.6, 1.364
14:03:07, 1001, 325.4, 242.8, 1.347
14:03:08, 1002, 325.3, 242.8, 1.344
14:03:09, 1003, 325.2, 243.1, 1.350
14:03:10, 1004, 325.3, 242.8, 1.341
14:03:11, 1005, 325.4, 243.0, 1.350
14:03:12, 1006, 325.4, 242.9, 1.347
14:03:13, 1007, 325.4, 242.6, 1.334
14:03:14, 1008, 325.0, 243.1, 1.341
14:03:15, 1009, 324.5, 242.9, 1.328
14:03:16, 1010, 324.2, 242.7, 1.337
14:03:17, 1011, 323.9, 242.7, 1.341
14:03:18, 1012, 323.7, 242.7, 1.334
14:03:19, 1013, 323.2, 242.8, 1.323
14:03:20, 1014, 322.9, 242.6, 1.323
14:03:21, 1015, 322.7, 242.8, 1.336
14:03:22, 1016, 322.7, 242.8, 1.338
14:03:23, 1017, 322.4, 242.8, 1.341
14:03:24, 1018, 322.3, 242.8, 1.341
14:03:25, 1019, 322.4, 242.6, 1.335
14:03:26, 1020, 322.5, 242.7, 1.342
14:03:27, 1021, 322.4, 242.7, 1.331
14:03:28, 1022, 322.4, 242.8, 1.339
14:03:29, 1023, 322.2, 242.7, 1.337
14:03:30, 1024, 322.3, 242.9, 1.326
14:03:31, 1025, 322.0, 242.9, 1.346
14:03:32, 1026, 322.2, 242.7, 1.341
14:03:33, 1027, 322.3, 242.6, 1.340
14:03:34, 1028, 322.7, 242.8, 1.351
14:03:35, 1029, 296.3, 243.0, 0.623
14:03:36, 1030, 115.5, 243.4, 0.426
14:03:37, 1031, 115.9, 243.2, 0.530
14:03:38, 1032, 121.6, 243.2, 0.501
14:03:39, 1033, 115.9, 243.1, 0.501
14:03:40, 1034, 116.3, 243.3, 0.497
14:03:41, 1035, 116.4, 242.9, 0.504
14:03:42, 1036, 201.2, 242.9, 1.133
14:03:43, 1037, 307.3, 242.8, 1.362
14:03:44, 1038, 331.3, 242.7, 1.351
14:03:45, 1039, 325.0, 243.1, 1.337
14:03:46, 1040, 324.9, 243.0, 1.353
14:03:47, 1041, 325.1, 243.2, 1.352
14:03:48, 1042, 325.2, 243.1, 1.347
14:03:49, 1043, 325.0, 242.9, 1.347
14:03:50, 1044, 324.9, 243.1, 1.342
14:03:51, 1045, 324.8, 243.2, 1.346
14:03:52, 1046, 324.9, 243.2, 1.351
14:03:53, 1047, 324.9, 243.3, 1.340
14:03:54, 1048, 324.9, 243.4, 1.352
14:03:55, 1049, 324.8, 243.3, 1.332
14:03:56, 1050, 324.5, 243.4, 1.340
14:03:57, 1051, 324.4, 243.3, 1.333
14:03:58, 1052, 324.1, 243.2, 1.342
14:03:59, 1053, 323.9, 243.5, 1.336
14:04:00, 1054, 323.7, 243.5, 1.331
14:04:01, 1055, 323.5, 243.5, 1.342
14:04:02, 1056, 323.5, 243.5, 1.331
14:04:03, 1057, 323.3, 243.5, 1.330
14:04:04, 1058, 323.2, 243.4, 1.336
14:04:05, 1059, 323.0, 243.2, 1.334
14:04:06, 1060, 323.0, 243.3, 1.335
14:04:07, 1061, 323.0, 243.3, 1.343
14:04:08, 1062, 323.1, 243.3, 1.342
14:04:09, 1063, 323.1, 243.2, 1.338
14:04:10, 1064, 323.0, 243.2, 1.337
14:04:11, 1065, 323.0, 243.4, 1.333
14:04:12, 1066, 316.2, 243.6, 1.282
14:04:13, 1067, 173.4, 243.9, 0.498
14:04:14, 1068, 119.2, 243.5, 0.500
14:04:15, 1069, 119.1, 243.6, 0.503
14:04:16, 1070, 119.1, 243.4, 0.491
14:04:17, 1071, 119.1, 243.5, 0.503
14:04:18, 1072, 287.6, 243.2, 1.424
14:04:19, 1073, 348.1, 243.2, 1.365
14:04:20, 1074, 326.4, 243.4, 1.334
14:04:21, 1075, 325.8, 243.2, 1.331
14:04:22, 1076, 325.3, 243.1, 1.331
14:04:23, 1077, 324.8, 243.3, 1.333
14:04:24, 1078, 324.5, 243.2, 1.330
14:04:25, 1079, 324.1, 243.3, 1.328
14:04:26, 1080, 323.9, 243.4, 1.338
14:04:27, 1081, 323.7, 243.2, 1.336
14:04:28, 1082, 323.5, 243.4, 1.333
14:04:29, 1083, 323.4, 243.5, 1.334
14:04:30, 1084, 323.2, 243.8, 1.330
14:04:31, 1085, 323.1, 243.7, 1.336
14:04:32, 1086, 323.1, 243.6, 1.331
14:04:33, 1087, 323.1, 243.6, 1.337
14:04:34, 1088, 323.1, 243.5, 1.333
14:04:35, 1089, 323.1, 243.5, 1.338
14:04:36, 1090, 323.1, 243.3, 1.340
14:04:37, 1091, 323.0, 243.4, 1.351
14:04:38, 1092, 323.5, 243.3, 1.340
14:04:39, 1093, 323.6, 243.4, 1.341
14:04:40, 1094, 323.7, 243.5, 1.341
14:04:41, 1095, 323.7, 243.3, 1.344
14:04:42, 1096, 323.9, 243.4, 1.345
14:04:43, 1097, 323.9, 243.2, 1.338
14:04:44, 1098, 324.0, 243.4, 1.345
14:04:45, 1099, 324.0, 243.3, 1.348
14:04:46, 1100, 324.0, 243.5, 1.343
14:04:47, 1101, 324.1, 243.5, 1.347
14:04:48, 1102, 293.9, 243.9, 0.713
14:04:49, 1103, 133.6, 243.9, 0.439
14:04:50, 1104, 120.4, 244.1, 0.506
14:04:51, 1105, 120.5, 243.9, 0.507
14:04:52, 1106, 120.6, 243.8, 0.856
14:04:53, 1107, 276.0, 243.6, 1.234
14:04:54, 1108, 322.5, 243.5, 1.396
14:04:55, 1109, 328.2, 243.3, 1.342
14:04:56, 1110, 327.5, 243.3, 1.334
14:04:57, 1111, 326.9, 243.3, 1.333
14:04:58, 1112, 326.3, 243.2, 1.338
14:04:59, 1113, 325.8, 243.3, 1.332
14:05:00, 1114, 325.5, 243.1, 1.336
14:05:01, 1115, 325.1, 243.2, 1.335
14:05:02, 1116, 324.9, 243.0, 1.334
14:05:03, 1117, 324.6, 243.2, 1.337
14:05:04, 1118, 324.4, 243.1, 1.338
14:05:05, 1119, 324.2, 243.1, 1.339
14:05:06, 1120, 324.0, 243.3, 1.339
14:05:07, 1121, 324.0, 243.0, 1.338
14:05:08, 1122, 323.9, 243.2, 1.335
14:05:09, 1123, 323.8, 243.4, 1.328
14:05:10, 1124, 323.8, 243.2, 1.341
14:05:11, 1125, 323.7, 243.2, 1.336
14:05:12, 1126, 323.7, 243.3, 1.341
14:05:13, 1127, 323.7, 243.3, 1.339
14:05:14, 1128, 323.7, 243.0, 1.342
14:05:15, 1129, 323.7, 243.0, 1.341
14:05:16, 1130, 323.7, 243.0, 1.341
14:05:17, 1131, 323.7, 242.9, 1.345
14:05:18, 1132, 323.7, 242.7, 1.344
14:05:19, 1133, 323.7, 243.1, 1.343
14:05:20, 1134, 323.8, 243.3, 1.338
14:05:21, 1135, 323.9, 243.2, 1.343
14:05:22, 1136, 323.8, 243.0, 1.305
14:05:23, 1137, 272.1, 243.3, 0.545
14:05:24, 1138, 123.2, 243.5, 0.523
14:05:25, 1139, 123.1, 243.5, 0.517
14:05:26, 1140, 116.7, 243.5, 0.505
14:05:27, 1141, 267.9, 243.1, 1.357
14:05:28, 1142, 333.3, 243.4, 1.390
14:05:29, 1143, 333.3, 243.5, 1.359
14:05:30, 1144, 328.0, 243.1, 1.360
14:05:31, 1145, 328.1, 243.0, 1.366
14:05:32, 1146, 328.5, 243.0, 1.370
14:05:33, 1147, 328.9, 243.2, 1.365
14:05:34, 1148, 329.0, 243.1, 1.364
14:05:35, 1149, 328.7, 242.9, 1.358
14:05:36, 1150, 328.8, 242.9, 1.357
14:05:37, 1151, 328.8, 243.1, 1.367
14:05:38, 1152, 328.7, 243.4, 1.361
14:05:39, 1153, 328.6, 243.3, 1.364
14:05:40, 1154, 328.5, 243.4, 1.356
14:05:41, 1155, 328.5, 243.5, 1.355
14:05:42, 1156, 328.3, 243.4, 1.353
14:05:43, 1157, 328.3, 243.4, 1.347
14:05:44, 1158, 328.1, 243.6, 1.355
14:05:45, 1159, 328.1, 243.4, 1.362
14:05:46, 1160, 328.1, 243.5, 1.357
14:05:47, 1161, 328.2, 243.5, 1.355
14:05:48, 1162, 328.1, 243.7, 1.353
14:05:49, 1163, 327.9, 243.7, 1.344
14:05:50, 1164, 327.6, 243.6, 1.349
14:05:51, 1165, 327.3, 243.5, 1.346
14:05:52, 1166, 327.0, 243.5, 1.350
14:05:53, 1167, 326.8, 243.3, 1.339
14:05:54, 1168, 326.4, 243.1, 1.347
14:05:55, 1169, 326.2, 243.2, 1.344
14:05:56, 1170, 326.1, 243.3, 1.347
14:05:57, 1171, 317.4, 243.3, 1.245
14:05:58, 1172, 150.6, 243.6, 0.522
14:05:59, 1173, 122.6, 243.3, 0.510
14:06:00, 1174, 122.4, 243.5, 0.506
14:06:01, 1175, 122.3, 243.6, 0.505
14:06:02, 1176, 121.9, 243.6, 0.499
14:06:03, 1177, 121.8, 243.5, 0.503
14:06:04, 1178, 121.6, 243.7, 0.501
14:06:05, 1179, 121.3, 243.8, 0.502
14:06:06, 1180, 291.0, 243.4, 1.455
14:06:07, 1181, 359.3, 243.3, 1.432
14:06:08, 1182, 333.7, 243.2, 1.337
14:06:09, 1183, 325.0, 243.5, 1.342
14:06:10, 1184, 324.7, 243.5, 1.340
14:06:11, 1185, 324.6, 243.4, 1.332
14:06:12, 1186, 324.4, 243.4, 1.331
14:06:13, 1187, 324.2, 243.5, 1.330
14:06:14, 1188, 324.2, 243.6, 1.342
14:06:15, 1189, 324.3, 243.6, 1.334
14:06:16, 1190, 324.2, 243.4, 1.340
14:06:17, 1191, 324.2, 243.3, 1.334
14:06:18, 1192, 324.1, 243.6, 1.333
14:06:19, 1193, 324.1, 243.6, 1.329
14:06:20, 1194, 323.9, 243.6, 1.334
14:06:21, 1195, 323.9, 243.5, 1.327
14:06:22, 1196, 323.9, 243.4, 1.342
14:06:23, 1197, 323.7, 243.3, 1.335
14:06:24, 1198, 323.6, 243.2, 1.331
14:06:25, 1199, 323.4, 243.1, 1.332
14:06:26, 1200, 323.2, 243.2, 1.336
14:06:27, 1201, 323.1, 243.1, 1.335
14:06:28, 1202, 323.0, 243.2, 1.343
14:06:29, 1203, 323.2, 243.1, 1.346
14:06:30, 1204, 323.3, 243.0, 1.337
14:06:31, 1205, 323.3, 243.1, 1.337
14:06:32, 1206, 323.1, 243.2, 1.339
14:06:33, 1207, 323.0, 243.4, 1.334
14:06:34, 1208, 323.1, 243.4, 1.341
14:06:35, 1209, 323.0, 243.3, 1.335
14:06:36, 1210, 322.4, 243.3, 0.940
14:06:37, 1211, 128.1, 243.4, 0.508
14:06:38, 1212, 127.6, 243.5, 0.513
14:06:39, 1213, 116.7, 243.7, 0.501
14:06:40, 1214, 116.9, 243.9, 0.496
14:06:41, 1215, 117.2, 243.6, 0.834
14:06:42, 1216, 289.0, 243.5, 1.267
14:06:43, 1217, 328.2, 243.5, 1.434
14:06:44, 1218, 333.3, 243.4, 1.340
14:06:45, 1219, 323.1, 243.4, 1.341
14:06:46, 1220, 323.3, 243.4, 1.348
14:06:47, 1221, 323.8, 243.4, 1.375
14:06:48, 1222, 324.4, 243.0, 1.347
14:06:49, 1223, 330.0, 243.1, 1.397
14:06:50, 1224, 329.8, 243.2, 1.348
14:06:51, 1225, 329.3, 242.9, 1.346
14:06:52, 1226, 329.1, 242.9, 1.356
14:06:53, 1227, 329.1, 243.0, 1.361
14:06:54, 1228, 328.9, 242.9, 1.359
14:06:55, 1229, 328.8, 242.7, 1.361
14:06:56, 1230, 328.6, 242.8, 1.356
14:06:57, 1231, 328.5, 242.9, 1.350
14:06:58, 1232, 328.3, 243.0, 1.358
14:06:59, 1233, 328.2, 242.7, 1.356
14:07:00, 1234, 328.0, 242.9, 1.365
14:07:01, 1235, 327.9, 243.0, 1.356
14:07:02, 1236, 327.8, 242.9, 1.358
14:07:03, 1237, 327.7, 242.8, 1.360
14:07:04, 1238, 327.5, 243.1, 1.347
14:07:05, 1239, 327.1, 243.1, 1.345
14:07:06, 1240, 326.9, 243.0, 1.348
14:07:07, 1241, 326.5, 243.0, 1.347
14:07:08, 1242, 326.5, 243.2, 1.349
14:07:09, 1243, 326.4, 243.1, 1.346
14:07:10, 1244, 326.4, 243.3, 1.362
14:07:11, 1245, 326.5, 243.4, 1.317
14:07:12, 1246, 313.2, 243.5, 0.824
14:07:13, 1247, 116.5, 243.9, 0.484
14:07:14, 1248, 116.1, 244.1, 0.496
14:07:15, 1249, 116.3, 244.0, 0.510
14:07:16, 1250, 116.6, 244.3, 0.518
14:07:17, 1251, 265.6, 243.8, 1.265
14:07:18, 1252, 330.0, 243.9, 1.418
14:07:19, 1253, 335.9, 243.8, 1.349
14:07:20, 1254, 324.1, 243.7, 1.336
14:07:21, 1255, 323.8, 243.8, 1.331
14:07:22, 1256, 323.6, 243.9, 1.329
14:07:23, 1257, 323.4, 243.9, 1.330
14:07:24, 1258, 323.3, 243.9, 1.330
14:07:25, 1259, 323.3, 243.8, 1.345
14:07:26, 1260, 323.4, 243.8, 1.341
14:07:27, 1261, 323.5, 244.0, 1.336
14:07:28, 1262, 323.3, 244.0, 1.334
14:07:29, 1263, 323.2, 243.8, 1.328
14:07:30, 1264, 323.1, 243.9, 1.339
14:07:31, 1265, 322.9, 243.8, 1.333
14:07:32, 1266, 322.8, 243.7, 1.328
14:07:33, 1267, 322.6, 243.8, 1.328
14:07:34, 1268, 322.5, 243.8, 1.327
14:07:35, 1269, 322.5, 243.9, 1.331
14:07:36, 1270, 322.4, 243.8, 1.329
14:07:37, 1271, 322.4, 243.9, 1.330
14:07:38, 1272, 322.4, 243.7, 1.336
14:07:39, 1273, 322.4, 243.7, 1.332
14:07:40, 1274, 322.3, 243.4, 1.332
14:07:41, 1275, 322.3, 243.6, 1.338
14:07:42, 1276, 322.3, 243.7, 1.332
14:07:43, 1277, 322.4, 243.5, 1.332
14:07:44, 1278, 322.3, 243.5, 1.334
14:07:45, 1279, 322.3, 243.4, 1.336
14:07:46, 1280, 322.4, 243.7, 1.330
14:07:47, 1281, 321.8, 243.8, 0.884
14:07:48, 1282, 123.4, 243.8, 0.513
14:07:49, 1283, 123.5, 244.0, 0.518
14:07:50, 1284, 117.9, 244.0, 0.503
14:07:51, 1285, 118.2, 244.1, 0.511
14:07:52, 1286, 118.5, 243.9, 0.512
14:07:53, 1287, 260.6, 243.6, 1.367
14:07:54, 1288, 331.9, 243.6, 1.386
14:07:55, 1289, 340.4, 243.9, 1.334
14:07:56, 1290, 320.9, 243.8, 1.330
14:07:57, 1291, 321.0, 243.8, 1.327
14:07:58, 1292, 321.1, 243.8, 1.330
14:07:59, 1293, 321.1, 243.7, 1.332
14:08:00, 1294, 321.2, 243.8, 1.328
14:08:01, 1295, 321.3, 243.9, 1.327
14:08:02, 1296, 321.4, 244.0, 1.330
14:08:03, 1297, 321.5, 244.0, 1.333
14:08:04, 1298, 321.5, 244.0, 1.330
14:08:05, 1299, 321.7, 243.7, 1.334
14:08:06, 1300, 321.8, 243.6, 1.334
14:08:07, 1301, 321.8, 243.7, 1.332
14:08:08, 1302, 321.9, 243.7, 1.329
14:08:09, 1303, 321.9, 243.4, 1.335
14:08:10, 1304, 321.9, 243.7, 1.332
14:08:11, 1305, 322.0, 243.6, 1.332
14:08:12, 1306, 322.0, 243.6, 1.333
14:08:13, 1307, 322.0, 243.5, 1.333
14:08:14, 1308, 322.0, 243.6, 1.333
14:08:15, 1309, 322.0, 243.4, 1.332
14:08:16, 1310, 322.1, 243.5, 1.341
14:08:17, 1311, 322.2, 243.4, 1.333
14:08:18, 1312, 322.2, 243.6, 1.335
14:08:19, 1313, 322.2, 243.4, 1.335
14:08:20, 1314, 322.3, 243.7, 1.335
14:08:21, 1315, 322.3, 243.5, 1.341
14:08:22, 1316, 322.4, 243.7, 1.332
14:08:23, 1317, 322.9, 243.7, 1.389
14:08:24, 1318, 168.1, 244.0, 0.516
14:08:25, 1319, 120.6, 244.0, 0.509
14:08:26, 1320, 120.0, 244.2, 0.512
14:08:27, 1321, 120.1, 244.1, 0.497
14:08:28, 1322, 272.7, 243.6, 1.495
14:08:29, 1323, 373.9, 243.5, 1.526
14:08:30, 1324, 345.3, 243.6, 1.352
14:08:31, 1325, 223.2, 244.0, 0.503
14:08:32, 1326, 119.8, 243.9, 0.507
14:08:33, 1327, 120.0, 244.1, 0.513
14:08:34, 1328, 119.5, 244.0, 0.482
14:08:35, 1329, 270.7, 243.5, 1.260
14:08:36, 1330, 328.8, 243.4, 1.476
14:08:37, 1331, 342.6, 243.5, 1.330
14:08:38, 1332, 321.3, 243.5, 1.328
14:08:39, 1333, 321.2, 243.5, 1.338
14:08:40, 1334, 321.1, 243.7, 1.322
14:08:41, 1335, 321.2, 243.6, 1.332
14:08:42, 1336, 321.3, 243.6, 1.327
14:08:43, 1337, 321.4, 243.5, 1.327
14:08:44, 1338, 321.4, 243.6, 1.333
14:08:45, 1339, 321.4, 243.5, 1.332
14:08:46, 1340, 321.6, 243.8, 1.337
14:08:47, 1341, 321.8, 243.6, 1.331
14:08:48, 1342, 321.7, 243.7, 1.332
14:08:49, 1343, 321.8, 243.4, 1.336
14:08:50, 1344, 321.8, 243.4, 1.326
14:08:51, 1345, 321.8, 243.7, 1.339
14:08:52, 1346, 322.0, 243.8, 1.345
14:08:53, 1347, 322.1, 243.5, 1.339
14:08:54, 1348, 322.2, 243.5, 1.332
14:08:55, 1349, 322.2, 243.7, 1.335
14:08:56, 1350, 322.3, 243.6, 1.343
14:08:57, 1351, 322.4, 243.7, 1.344
14:08:58, 1352, 322.6, 243.5, 1.323
14:08:59, 1353, 322.6, 243.7, 1.341
14:09:00, 1354, 323.2, 243.4, 1.376
14:09:01, 1355, 323.3, 243.3, 1.344
14:09:02, 1356, 323.3, 243.3, 1.343
14:09:03, 1357, 323.2, 243.1, 1.339
14:09:04, 1358, 323.3, 243.4, 1.343
14:09:05, 1359, 322.9, 243.6, 1.128
14:09:06, 1360, 140.3, 243.7, 0.505
14:09:07, 1361, 120.2, 243.7, 0.501
14:09:08, 1362, 119.8, 243.8, 0.487
14:09:09, 1363, 119.6, 243.7, 0.488
14:09:10, 1364, 255.3, 243.4, 1.416
14:09:11, 1365, 342.0, 243.3, 1.425
14:09:12, 1366, 342.5, 243.3, 1.350
14:09:13, 1367, 321.7, 243.5, 1.339
14:09:14, 1368, 321.8, 243.3, 1.336
14:09:15, 1369, 321.8, 243.1, 1.330
14:09:16, 1370, 321.9, 243.3, 1.338
14:09:17, 1371, 322.0, 243.3, 1.337
14:09:18, 1372, 322.0, 243.2, 1.337
14:09:19, 1373, 322.2, 243.3, 1.336
14:09:20, 1374, 322.2, 243.4, 1.334
14:09:21, 1375, 322.2, 243.7, 1.328
14:09:22, 1376, 322.1, 243.7, 1.335
14:09:23, 1377, 322.1, 243.4, 1.332
14:09:24, 1378, 322.1, 243.1, 1.337
14:09:25, 1379, 322.2, 243.3, 1.335
14:09:26, 1380, 322.2, 243.6, 1.333
14:09:27, 1381, 322.2, 243.4, 1.331
14:09:28, 1382, 322.3, 243.3, 1.339
14:09:29, 1383, 322.3, 243.4, 1.340
14:09:30, 1384, 322.5, 243.2, 1.340
14:09:31, 1385, 322.6, 243.2, 1.342
14:09:32, 1386, 322.7, 243.1, 1.340
14:09:33, 1387, 322.7, 243.2, 1.336
14:09:34, 1388, 322.8, 243.0, 1.341
14:09:35, 1389, 322.9, 243.0, 1.340
14:09:36, 1390, 323.0, 243.0, 1.354
14:09:37, 1391, 323.3, 243.0, 1.345
14:09:38, 1392, 323.4, 243.0, 1.339
14:09:39, 1393, 323.4, 243.0, 1.345
14:09:40, 1394, 323.9, 243.1, 1.401
14:09:41, 1395, 200.0, 243.3, 0.478
14:09:42, 1396, 115.5, 243.2, 0.455
14:09:43, 1397, 115.5, 243.4, 0.501
14:09:44, 1398, 114.8, 243.3, 0.456
14:09:45, 1399, 115.4, 243.0, 0.498
14:09:46, 1400, 115.9, 243.2, 0.491
14:09:47, 1401, 243.3, 242.9, 1.247
14:09:48, 1402, 327.2, 242.6, 1.493
14:09:49, 1403, 351.8, 242.8, 1.341
14:09:50, 1404, 323.5, 242.8, 1.349
14:09:51, 1405, 323.4, 242.8, 1.340
14:09:52, 1406, 323.2, 243.0, 1.334
14:09:53, 1407, 323.3, 242.7, 1.349
14:09:54, 1408, 323.4, 242.7, 1.345
14:09:55, 1409, 323.5, 242.7, 1.349
14:09:56, 1410, 323.5, 242.6, 1.346
14:09:57, 1411, 323.5, 242.6, 1.347
14:09:58, 1412, 323.5, 242.7, 1.346
14:09:59, 1413, 323.5, 243.0, 1.338
14:10:00, 1414, 323.5, 242.8, 1.343
14:10:01, 1415, 323.4, 243.1, 1.346
14:10:02, 1416, 323.5, 243.2, 1.339
14:10:03, 1417, 323.5, 243.1, 1.341
14:10:04, 1418, 323.4, 243.3, 1.333
14:10:05, 1419, 323.2, 243.1, 1.340
14:10:06, 1420, 323.2, 243.2, 1.332
14:10:07, 1421, 323.0, 243.0, 1.336
14:10:08, 1422, 322.9, 243.3, 1.339
14:10:09, 1423, 322.9, 243.1, 1.334
14:10:10, 1424, 322.9, 243.2, 1.339
14:10:11, 1425, 322.9, 243.1, 1.338
14:10:12, 1426, 322.8, 243.2, 1.335
14:10:13, 1427, 322.8, 243.2, 1.337
14:10:14, 1428, 322.8, 242.9, 1.337
14:10:15, 1429, 322.8, 243.1, 1.341
14:10:16, 1430, 322.9, 243.1, 1.337
14:10:17, 1431, 323.1, 243.0, 1.399
14:10:18, 1432, 164.7, 243.7, 0.514
14:10:19, 1433, 121.0, 243.5, 0.506
14:10:20, 1434, 120.6, 243.5, 0.504
14:10:21, 1435, 120.4, 243.4, 0.492
14:10:22, 1436, 233.3, 243.1, 1.418
14:10:23, 1437, 337.1, 242.9, 1.411
14:10:24, 1438, 354.8, 243.1, 1.448
14:10:25, 1439, 329.2, 243.1, 1.369
14:10:26, 1440, 328.9, 243.3, 1.350
14:10:27, 1441, 328.6, 243.5, 1.363
14:10:28, 1442, 328.6, 243.3, 1.374
14:10:29, 1443, 333.7, 243.5, 1.382
14:10:30, 1444, 333.7, 243.3, 1.368
14:10:31, 1445, 333.3, 243.4, 1.368
14:10:32, 1446, 332.7, 243.4, 1.354
14:10:33, 1447, 327.2, 243.3, 1.344
14:10:34, 1448, 327.0, 243.4, 1.352
14:10:35, 1449, 327.1, 243.3, 1.353
14:10:36, 1450, 327.1, 243.2, 1.353
14:10:37, 1451, 327.3, 243.6, 1.368
14:10:38, 1452, 327.2, 243.5, 1.347
14:10:39, 1453, 327.2, 243.3, 1.359
14:10:40, 1454, 327.1, 243.4, 1.352
14:10:41, 1455, 327.0, 243.8, 1.349
14:10:42, 1456, 326.9, 243.6, 1.353
14:10:43, 1457, 326.8, 243.4, 1.343
14:10:44, 1458, 326.6, 243.5, 1.343
14:10:45, 1459, 326.4, 243.4, 1.349
14:10:46, 1460, 326.2, 243.5, 1.349
14:10:47, 1461, 326.1, 243.4, 1.344
14:10:48, 1462, 325.9, 243.6, 1.348
14:10:49, 1463, 325.7, 243.6, 1.345
14:10:50, 1464, 325.6, 243.6, 1.339
14:10:51, 1465, 325.6, 243.6, 1.345
14:10:52, 1466, 325.9, 243.4, 1.409
14:10:53, 1467, 248.2, 244.1, 0.431
14:10:54, 1468, 112.4, 243.8, 0.510
14:10:55, 1469, 118.5, 243.8, 0.502
14:10:56, 1470, 118.5, 243.8, 0.441
14:10:57, 1471, 112.0, 243.6, 0.443
14:10:58, 1472, 212.4, 243.2, 1.447
14:10:59, 1473, 337.4, 243.2, 1.421
14:11:00, 1474, 356.7, 243.3, 1.488
14:11:01, 1475, 327.4, 243.4, 1.276
14:11:02, 1476, 306.5, 243.2, 1.298
14:11:03, 1477, 305.9, 243.1, 1.249
14:11:04, 1478, 299.0, 243.0, 1.215
14:11:05, 1479, 298.5, 242.9, 1.225
14:11:06, 1480, 298.0, 242.8, 1.221
14:11:07, 1481, 297.5, 243.0, 1.214
14:11:08, 1482, 296.9, 242.9, 1.215
14:11:09, 1483, 296.4, 243.0, 1.216
14:11:10, 1484, 296.4, 242.8, 1.257
14:11:11, 1485, 296.9, 242.8, 1.245
14:11:12, 1486, 296.6, 243.0, 1.222
14:11:13, 1487, 296.1, 243.1, 1.211
14:11:14, 1488, 295.6, 243.2, 1.206
14:11:15, 1489, 295.2, 243.4, 1.206
14:11:16, 1490, 294.6, 243.5, 1.205
14:11:17, 1491, 288.8, 243.6, 1.202
14:11:18, 1492, 289.0, 243.8, 1.198
14:11:19, 1493, 289.4, 244.0, 1.211
14:11:20, 1494, 289.8, 243.6, 1.212
14:11:21, 1495, 290.1, 243.7, 1.204
14:11:22, 1496, 290.3, 244.1, 1.210
14:11:23, 1497, 290.3, 243.7, 1.203
14:11:24, 1498, 290.5, 243.9, 1.206
14:11:25, 1499, 290.4, 243.6, 1.200
14:11:26, 1500, 290.5, 243.8, 1.211
14:11:27, 1501, 290.8, 243.7, 1.215
14:11:28, 1502, 308.9, 243.5, 1.374
14:11:29, 1503, 296.1, 244.0, 0.728
14:11:30, 1504, 163.0, 244.0, 0.573
14:11:31, 1505, 125.9, 244.1, 0.529
14:11:32, 1506, 140.7, 244.0, 0.635
14:11:33, 1507, 160.0, 244.2, 0.615
14:11:34, 1508, 225.0, 243.7, 1.569
14:11:35, 1509, 358.5, 243.5, 1.501
14:11:36, 1510, 359.0, 243.7, 1.371
14:11:37, 1511, 291.4, 244.1, 1.168
14:11:38, 1512, 286.0, 244.0, 1.182
14:11:39, 1513, 286.1, 243.8, 1.151
14:11:40, 1514, 285.5, 243.9, 1.190
14:11:41, 1515, 285.3, 244.1, 1.166
14:11:42, 1516, 285.0, 244.1, 1.156
14:11:43, 1517, 284.4, 244.1, 1.170
14:11:44, 1518, 283.9, 244.2, 1.158
14:11:45, 1519, 283.8, 244.3, 1.169
14:11:46, 1520, 283.6, 244.2, 1.165
14:11:47, 1521, 283.6, 244.3, 1.183
14:11:48, 1522, 283.6, 243.9, 1.176
14:11:49, 1523, 283.5, 244.0, 1.172
14:11:50, 1524, 283.9, 243.7, 1.280
14:11:51, 1525, 318.9, 243.8, 1.068
14:11:52, 1526, 138.3, 243.8, 0.576
14:11:53, 1527, 138.4, 244.0, 0.596
14:11:54, 1528, 144.5, 243.6, 1.341
14:11:55, 1529, 327.4, 243.7, 1.394
14:11:56, 1530, 359.5, 243.5, 1.494
14:11:57, 1531, 243.7, 244.0, 0.707
14:11:58, 1532, 174.8, 243.8, 0.774
14:11:59, 1533, 182.9, 244.0, 0.713
14:12:00, 1534, 153.9, 244.0, 0.718
14:12:01, 1535, 153.8, 243.9, 0.717
14:12:02, 1536, 173.8, 243.9, 0.724
14:12:03, 1537, 167.3, 244.2, 0.684
14:12:04, 1538, 167.5, 244.1, 0.695
14:12:05, 1539, 167.7, 244.0, 0.686
14:12:06, 1540, 167.9, 244.1, 0.727
14:12:07, 1541, 167.6, 244.1, 0.670
14:12:08, 1542, 263.4, 243.7, 1.156
14:12:09, 1543, 226.6, 244.0, 0.684
14:12:10, 1544, 160.2, 243.9, 0.721
